node_id,label,node_type,scope,historical_band,tradition,geography,confidence,relevance,direction,source_count,single_source,evidence_metadata,underlying_record_id
EP-0001,Jeongbeom sunim (정범 스님),PEOPLE,EVENT_PARTICIPANT,,,Korea/India event participant,HIGH,EVENT_ONLY,UNCERTAIN,,0,"Jogye 해외특별교구 교구장 직무대행 (acting head, overseas special diocese); attended GBS 2023 as official representative on behalf of 총무원장 (hyunbulnews_gbs2023)",EP-0001
EP-0002,Munjong sunim (문종 스님),PEOPLE,EVENT_PARTICIPANT,,,Korea/India event participant,HIGH,EVENT_ONLY,UNCERTAIN,,0,Jogye 국제교류위원/제전법단장 (international exchange committee member / propagation team head); attended 2nd GBS 2026 as representative of 총무원장 Jinwoo (tongbulgyo_gbs2026),EP-0002
EP-0003,Jinwoo sunim (진우 스님),PEOPLE,EVENT_PARTICIPANT,,,Korea/India event participant,HIGH,EVENT_ONLY,UNCERTAIN,,0,Jogye 총무원장 (supreme patriarch); congratulatory message read aloud at 2nd GBS 2026 by Munjong; represented at GBS 2023 by Jeongbeom (tongbulgyo_gbs2026; hyunbulnews_gbs2023),EP-0003
EP-0004,Wonhaeng sunim (원행 스님),PEOPLE,EVENT_PARTICIPANT,,,Korea/India event participant,HIGH,EVENT_ONLY,UNCERTAIN,,0,"Jogye 총무원장; led the 150-person official delegation to the Bunhwangsa India dedication, May 2022 (hyunbulnews_bunhwangsa_2022)",EP-0004
EP-0005,Jung Won-ju (정원주),PEOPLE,EVENT_PARTICIPANT,,,Korea/India event participant,HIGH,EVENT_ONLY,UNCERTAIN,,0,"President, Lay Buddhist Association of the Jogye Order; received the IBC Buddha statue at Bexpo 2026 (koreaherald_bexpo2026)",EP-0005
EP-0006,Abhijit Halder,PEOPLE,EVENT_PARTICIPANT,,,Korea/India event participant,HIGH,EVENT_ONLY,UNCERTAIN,,0,"Director General, International Buddhist Confederation; presented the Buddha statue at Bexpo 2026; spoke at ICYBS 2025 (koreaherald_bexpo2026; ibcworld_icybs2025)",EP-0006
EP-0007,Pomnyun sunim (법륜 스님),PEOPLE,EVENT_PARTICIPANT,,,Korea/India event participant,HIGH,EVENT_ONLY,UNCERTAIN,,0,Jungto Society founder; leads the annual India pilgrimage program (jungto_india),EP-0007
EP-0008,Jugyeong sunim (주경 스님),PEOPLE,EVENT_PARTICIPANT,,,Korea/India event participant,HIGH,EVENT_ONLY,UNCERTAIN,,0,"Jogye 중앙종회의장 (chair, Central Council); represented the order at the Korea-India 50th anniversary cultural exchange, 21 Mar 2023 (ibulgyo_jogye50th_2023)",EP-0008
EP-0009,Jang Jae-bok (장재복),PEOPLE,EVENT_PARTICIPANT,,,Korea/India event participant,HIGH,EVENT_ONLY,UNCERTAIN,,0,ROK Ambassador to India; hosted the temple-food dinner at the ambassador's residence; praised the Sangwol pilgrimage for strengthening bilateral ties (ibulgyo_jogye50th_2023),EP-0009
EP-0010,"Korean Buddhist delegation (6 members, 국제불교문제연구소 파견)",PEOPLE,EVENT_PARTICIPANT,,,Korea/India event participant,HIGH,EVENT_ONLY,UNCERTAIN,,0,"Members unnamed in Dong-A 1982-01-19; dispatched by the International Buddhist Problems Research Institute (director 소장 김광태); toured Indian sacred sites, met PM Indira Gandhi, donated a Tripitaka Koreana facsimile at Nalanda; agreed Kelaniya-Bongeunsa sisterhood in Sri Lanka (donga_delegation_1982)",EP-0010
EV-0001,Sangwol/Jogye walking pilgrimage India-Nepal,EVENTS,CARRIED,B6,,PL-0032,HIGH,PILGRIMAGE,UNCERTAIN,4,0,S-0147;S-0108;S-0080;S-0156,EV-0001
EV-0002,Bexpo 2026 Buddhist exchange (IBC - Jogye lay),EVENTS,CARRIED,B6,,PL-0024,HIGH,EXHIBITION,UNCERTAIN,2,0,S-0109;S-0145,EV-0002
EV-0003,2nd Global Buddhist Summit,EVENTS,CARRIED,B6,,PL-0027,HIGH,CONFERENCE,UNCERTAIN,4,0,S-0158;S-0022;S-0069;S-0029,EV-0003
EV-0004,Jungto Society annual India pilgrimage program,EVENTS,CARRIED,B6,,PL-0010,HIGH,PILGRIMAGE,UNCERTAIN,1,1,S-0087,EV-0004
EV-0005,Delhi University - BGICBS academic MOU,EVENTS,CARRIED,B6,,PL-0013,MEDIUM,MOU_AGREEMENT,UNCERTAIN,1,1,S-0018,EV-0005
EV-0006,Jogye delegation pilgrimage Sarnath -> Bodh Gaya,EVENTS,CARRIED,B6,,PL-0032,HIGH,PILGRIMAGE,UNCERTAIN,1,1,S-0011,EV-0006
EV-0007,Jogye pilgrimage to the 8 great sites + Nepal,EVENTS,CARRIED,B6,,PL-0010,HIGH,PILGRIMAGE,UNCERTAIN,1,1,S-0085,EV-0007
EV-0008,Bunhwangsa India groundbreaking,EVENTS,CARRIED,B6,,PL-0010,HIGH,TEMPLE_FOUNDATION,UNCERTAIN,1,1,S-0071,EV-0008
EV-0009,Bunhwangsa India dedication (대웅보전 준공식),EVENTS,CARRIED,B6,,PL-0010,HIGH,TEMPLE_DEDICATION,UNCERTAIN,3,0,S-0065;S-0021;S-0115,EV-0009
EV-0010,Global Buddhist Summit 2023,EVENTS,CARRIED,B6,,PL-0027,HIGH,CONFERENCE,UNCERTAIN,3,0,S-0066;S-0068;S-0033,EV-0010
EV-0011,ICYBS 2025 (3rd Int'l Conf. of Young Buddhist Scholars),EVENTS,CARRIED,B6,,PL-0027,MEDIUM,CONFERENCE,UNCERTAIN,3,0,S-0070;S-0146;S-0028,EV-0011
EV-0012,KBPF 2026 India pilgrimage (Dharamsala/Ajanta-Ellora/Sanchi),EVENTS,CARRIED,B6,,PL-0039,HIGH,PILGRIMAGE,UNCERTAIN,1,1,S-0090,EV-0012
EV-0013,BBS Seon Meditation Tour 4 India-Nepal,EVENTS,CARRIED,B6,,PL-0010,HIGH,PILGRIMAGE,UNCERTAIN,1,1,S-0010,EV-0013
EV-0014,Korea-India 50th anniversary cultural exchange (Jogye + ROK Embassy),EVENTS,CARRIED,B6,,PL-0027,HIGH,EXHIBITION,UNCERTAIN,1,1,S-0074,EV-0014
EV-0015,Korean Buddhist delegation to India (국제불교문제연구소),EVENTS,CARRIED,B5,,PL-0031,HIGH,PILGRIMAGE,UNCERTAIN,2,0,S-0030;S-0062,EV-0015
EV-0016,Dongguk University - Nalanda University MOU,EVENTS,CARRIED,B6,,PL-0009,HIGH,MOU_AGREEMENT,UNCERTAIN,1,1,S-0062,EV-0016
EV-0017,Enshrinement of Dhyānabhadra's relics at Hoeamsa,EVENTS,CARRIED,B2,,PL-0005,HIGH,RELIC_TRANSFER,UNCERTAIN,2,0,S-0020;S-0064,EV-0017
EV-0018,Return of Hoeamsa relics (Jikong/Naong + Buddha relics) from Boston MFA,EVENTS,CARRIED,B6,,PL-0005,HIGH,RELIC_TRANSFER,UNCERTAIN,2,0,S-0059;S-0073,EV-0018
EV-0019,Wang ocheonchukguk jeon first public display at National Museum of Korea,EVENTS,CARRIED,B6,,PL-0024,HIGH,EXHIBITION,UNCERTAIN,3,0,S-0127;S-0091;S-0058,EV-0019
I-0002,Nalanda Mahavihara,INSTITUTIONS,CARRIED,B1,,PL-0009,MEDIUM,"Destination of Silla monks (Ariyabalma, Hyeeop); ordination site of Dhyānabhadra;Source of Indian monastic learning for Koreans",UNCERTAIN,,0,Flourished 5th-13th c.,I-0002
I-0003,Hoeamsa,INSTITUTIONS,CARRIED,B2,,PL-0005,MEDIUM,Founded by Indian master Dhyānabhadra (reportedly modeled on Nalanda);Major Goryeo Seon temple,UNCERTAIN,,0,,I-0003
I-0010,Dongguk University,INSTITUTIONS,CARRIED,B6,,PL-0024,MEDIUM,Indian philosophy program (Jung Seung-suk);Buddhist university,UNCERTAIN,,0,,I-0010
I-0012,University of Delhi,INSTITUTIONS,CARRIED,B6,,PL-0013,MEDIUM,"Hosted Korean students U Myeong-ju, Wookwan, Gakseong, Hyoseok (PhD);Main Indian university for Korean Buddhist studies students",UNCERTAIN,,0,,I-0012
I-0013,Pune University (SPPU),INSTITUTIONS,CARRIED,B6,,PL-0014,MEDIUM,Hyoseok's MA (cultural anthropology);,UNCERTAIN,,0,,I-0013
I-0014,Bodh Gaya International College of Buddhist Studies,INSTITUTIONS,CARRIED,B6,,PL-0010,MEDIUM,"Korean-led Buddhist college in India (Buddhavara, Chancellor);Korean Buddhist institutional presence in India",UNCERTAIN,,0,MOU with Delhi University 2026,I-0014
I-0015,Bunhwangsa India,INSTITUTIONS,CARRIED,B6,,PL-0010,MEDIUM,Korean Jogye temple at Bodh Gaya (abbot Buddhavara);Korean temple network in India,UNCERTAIN,,0,,I-0015
I-0016,Mahayeon Temple Food Culture Center,INSTITUTIONS,CARRIED,B6,,PL-0024,MEDIUM,Founded by India-trained Wookwan;Korean temple food authority,UNCERTAIN,,0,,I-0016
I-0020,Songgwangsa lineage,INSTITUTIONS,CARRIED,B5,,PL-0024,MEDIUM,Pŏpchŏng's monastic lineage;Korean Seon lineage,UNCERTAIN,,0,,I-0020
I-0021,Bongnyeongsa,INSTITUTIONS,CARRIED,B6,,PL-0024,MEDIUM,Monastic college where Hyoseok and Wookwan trained;Bhikkhuni education center,UNCERTAIN,,0,,I-0021
I-0022,Jogye Order of Korean Buddhism,INSTITUTIONS,CARRIED,B6,,PL-0024,MEDIUM,Host of 2023 Sangwol walking pilgrimage in India (PIB-documented); Bunhwangsa India (2020-22); official delegation Sarnath->Bodh Gaya May 2022 led by 총무원장 Wonhaeng;Korea's largest Buddhist order,UNCERTAIN,,0,"Head temple Jogyesa, Seoul",I-0022
I-0023,Sangwol Society,INSTITUTIONS,CARRIED,B6,,PL-0024,MEDIUM,"Organizer of the 1167-km / 43-day India-Nepal walking pilgrimage (2023, 108+ monastics);Korean monastic confraternity for the walking-pilgrimage tradition",UNCERTAIN,,0,PIB PRID=1896682,I-0023
I-0024,Jungto Society,INSTITUTIONS,CARRIED,B6,,PL-0024,MEDIUM,"Annual India pilgrimage program (35th early 2026; 36th 14-30 Jan 2027, 500 persons); Bodh Gaya region focus;Korean Buddhist social-engagement movement (founder Pomnyun Sunim)",UNCERTAIN,,0,jungto.org/india,I-0024
I-0025,Yeoraesunwon,INSTITUTIONS,CARRIED,B6,,PL-0010,MEDIUM,Korean-run temple at Bodh Gaya; 10 years of alms-supported operation by 2011; abbot Wonman sunim; 달마학교 (Dharma School) for children; visited by 2014 Jogye pilgrimage;Korean monastic presence in India,UNCERTAIN,,0,Beopbo 2011-06-30,I-0025
I-0026,International Buddhist Confederation (IBC),INSTITUTIONS,CARRIED,B6,,PL-0027,MEDIUM,Host of GBS 2023 and 2nd GBS 2026 (New Delhi); co-organizer ICYBS 2025; Buddha statue gift to Jogye lay association at Bexpo 2026;India's umbrella Buddhist body engaging Korean orders,UNCERTAIN,,0,ibcworld.org,I-0026
I-0027,Korea Buddhism Promotion Foundation,INSTITUTIONS,CARRIED,B6,,PL-0024,MEDIUM,"Organizer of 2026 India pilgrimage (3-11 Oct 2026, Dharamsala/Ajanta-Ellora/Sanchi, 8N9D);Korean Buddhist foundation (Daewon Academy, 월간불교문화)",UNCERTAIN,,0,kbpf.org notice idx=172150129,I-0027
I-0028,Buddhist Broadcasting System,INSTITUTIONS,CARRIED,B6,,PL-0024,MEDIUM,"Organizer of 세계 선명상 투어 4탄 India-Nepal pilgrimage (26 Dec 2025 - 4 Jan 2026, led by 선업 스님);Korea's Buddhist broadcaster; overseas pilgrimage programs",UNCERTAIN,,0,bbs.or.kr,I-0028
I-0030,International Buddhist Problems Research Institute,INSTITUTIONS,CARRIED,B5,,PL-0024,MEDIUM,"Dispatched the 6-member Korean Buddhist delegation to India (Dec 1981): toured sacred sites, met PM Indira Gandhi, donated a Haeinsa Tripitaka Koreana facsimile to Nalanda;Korean Buddhist research institute active in international Buddhist exchange",UNCERTAIN,,0,Director (소장): Kim Gwang-tae (김광태); seat not documented in cited sources - assumed Korea (PL-0024) per Dong-A 1982,I-0030
I-0031,Nalanda University,INSTITUTIONS,CARRIED,B6,,PL-0009,MEDIUM,Modern international university in the Nalanda district (Rajgir area); signed an academic MOU with Dongguk University 2023-02-24 (VC Sunaina Singh);Dongguk University partner for joint education/research,UNCERTAIN,,0,Established 2014 by Bihar legislation (EAS initiative); distinct from the ancient Nalanda Mahavihara (I-0002),I-0031
P-0001,Hyecho,PEOPLE,CARRIED,B1,ESOTERIC,KOREAN (Silla),HIGH,PRIMARY,BIDIRECTIONAL,6,0,S-0048;S-0039;S-0137;S-0095;S-0104;S-0105,P-0001
P-0002,Woncheuk,PEOPLE,CARRIED,B1,YOGACARA,KOREAN (Silla),HIGH,PRIMARY,INDIA_TO_KOREA,2,0,S-0149;S-0051,P-0002
P-0003,Wŏnhyo,PEOPLE,CARRIED,B1,HWA_EOM;GENERAL_BUDDHISM,KOREAN (Silla),HIGH,PRIMARY,INDIA_TO_KOREA,3,0,S-0001;S-0049;S-0038,P-0003
P-0004,Kyŏnghŭng,PEOPLE,CARRIED,B1,PURE_LAND,"KOREAN (Silla; born Ungcheon, former Baekje territory)",MEDIUM,PRIMARY,INDIA_TO_KOREA,2,0,S-0037;S-0160,P-0004
P-0005,T'aehyŏn,PEOPLE,CARRIED,B1,YOGACARA,KOREAN (Silla),MEDIUM,PRIMARY,INDIA_TO_KOREA,2,0,S-0046;S-0161,P-0005
P-0006,Marananta,PEOPLE,CARRIED,B1,GENERAL_BUDDHISM,UNCERTAIN (Western Regions/Serindia; some scholars argue Indian; came via Eastern Jin China),MEDIUM,PRIMARY,INDIA_TO_KOREA,3,0,S-0150;S-0154;S-0044,P-0006
P-0007,Heo Hwang-ok,PEOPLE,LEGENDARY,B1,,LEGENDARY (said to be from Ayuta; disputed: Ayodhya vs other readings),SPECULATIVE,,UNCERTAIN,2,0,S-0142;S-0151,P-0007
P-0008,Suro of Geumgwan Gaya,PEOPLE,LEGENDARY,B1,,"LEGENDARY (founder of Geumgwan Gaya, now Gimhae, Korea)",SPECULATIVE,,UNCERTAIN,2,0,S-0179;S-0153,P-0008
P-0009,Iryŏn,PEOPLE,CARRIED,B2,SEON_CHAN,KOREAN (Goryeo),HIGH,PRIMARY,INDIA_TO_KOREA,2,0,S-0123;S-0166,P-0009
P-0010,Hyeil (Silla esoteric monk),PEOPLE,CARRIED,B1,ESOTERIC,KOREAN (Silla),MEDIUM,PRIMARY,INDIA_TO_KOREA,2,0,S-0098;S-0045,P-0010
P-0011,Gyeomik,PEOPLE,CARRIED,B1,VINAYA,KOREAN (Baekje),MEDIUM,PRIMARY,INDIA_TO_KOREA,2,0,S-0036;S-0171,P-0011
P-0012,Baedalta,PEOPLE,CARRIED,B1,GENERAL_BUDDHISM,INDIAN,MEDIUM,PRIMARY,INDIA_TO_KOREA,2,0,S-0036;S-0171,P-0012
P-0013,Ariyabalma,PEOPLE,CARRIED,B1,GENERAL_BUDDHISM,KOREAN (Silla),MEDIUM,PRIMARY,KOREA_TO_INDIA,2,0,S-0186;S-0061,P-0013
P-0014,Hyeeop,PEOPLE,CARRIED,B1,GENERAL_BUDDHISM,KOREAN (Silla),MEDIUM,PRIMARY,KOREA_TO_INDIA,2,0,S-0186;S-0061,P-0014
P-0015,Hyŏnt'ae,PEOPLE,CARRIED,B1,GENERAL_BUDDHISM,KOREAN (Silla),MEDIUM,PRIMARY,KOREA_TO_INDIA,2,0,S-0186;S-0061,P-0015
P-0016,Hyŏngak,PEOPLE,CARRIED,B1,GENERAL_BUDDHISM,KOREAN (Silla),MEDIUM,PRIMARY,KOREA_TO_INDIA,2,0,S-0186;S-0061,P-0016
P-0017,Gubon,PEOPLE,CARRIED,B1,GENERAL_BUDDHISM,KOREAN (Silla),MEDIUM,PRIMARY,KOREA_TO_INDIA,2,0,S-0186;S-0061,P-0017
P-0018,Hyeryun,PEOPLE,CARRIED,B1,GENERAL_BUDDHISM,KOREAN (Silla; reading per Kim Bok-soon; Yijing wrote 高麗),MEDIUM,PRIMARY,KOREA_TO_INDIA,3,0,S-0097;S-0061;S-0186,P-0018
P-0020,Ojin,PEOPLE,CARRIED,B1,ESOTERIC,KOREAN (Silla),MEDIUM,PRIMARY,KOREA_TO_INDIA,2,0,S-0100;S-0045,P-0020
P-0021,Wonpyo,PEOPLE,CARRIED,B1,GENERAL_BUDDHISM,KOREAN (Unified Silla),MEDIUM,PRIMARY,KOREA_TO_INDIA,1,1,S-0100,P-0021
P-0022,Hyŏnyu,PEOPLE,CARRIED,B1,GENERAL_BUDDHISM,KOREAN (Goguryeo),MEDIUM,PRIMARY,UNCERTAIN,1,1,S-0100,P-0022
P-0023,Dhyānabhadra,PEOPLE,CARRIED,B2,SEON_CHAN,INDIAN (Magadha),HIGH,PRIMARY,INDIA_TO_KOREA,5,0,S-0052;S-0164;S-0185;S-0041;S-0138,P-0023
P-0024,Naong Hyegeun,PEOPLE,CARRIED,B2,SEON_CHAN,KOREAN (Goryeo),MEDIUM,PRIMARY,INDIA_TO_KOREA,1,1,S-0100,P-0024
P-0028,Yi Nŭng-hwa,PEOPLE,CARRIED,B4,NON_BUDDHIST,KOREAN (Joseon -> colonial Korea),HIGH,SECONDARY,INDIA_TO_KOREA,3,0,S-0050;S-0003;S-0005,P-0028
P-0029,Ch'oe Nam-sŏn,PEOPLE,CARRIED,B4,NON_BUDDHIST,KOREAN (Korean Empire -> colonial Korea),HIGH,SECONDARY,INDIA_TO_KOREA,3,0,S-0023;S-0012;S-0047,P-0029
P-0030,Rabindranath Tagore,PEOPLE,CARRIED,B4,NON_BUDDHIST,INDIAN (Bengal),HIGH,MEDIATOR,INDIA_TO_KOREA,5,0,S-0120;S-0086;S-0116;S-0094;S-0092,P-0030
P-0034,Han Yong-un,PEOPLE,CARRIED,B4,SEON_CHAN,KOREAN,HIGH,PRIMARY,INDIA_TO_KOREA,2,0,S-0093;S-0099,P-0034
P-0038,Mohandas Karamchand Gandhi,PEOPLE,CARRIED,B4,NON_BUDDHIST,INDIAN,MEDIUM,MEDIATOR,INDIA_TO_KOREA,2,0,S-0081;S-0125,P-0038
P-0051,Ko Un,PEOPLE,CARRIED,B6,SEON_CHAN,KOREAN (South Korea),HIGH,SECONDARY,BIDIRECTIONAL,5,0,S-0148;S-0110;S-0117;S-0106;S-0008,P-0051
P-0052,Pŏpchŏng,PEOPLE,CARRIED,B5,SEON_CHAN,KOREAN (South Korea),HIGH,PRIMARY,INDIA_TO_KOREA,2,0,S-0025;S-0015,P-0052
P-0053,Lokesh Chandra,PEOPLE,CARRIED,B6,LAY_BUDDHIST,INDIAN,HIGH,PRIMARY,INDIA_TO_KOREA,4,0,S-0004;S-0183;S-0159;S-0067,P-0053
P-0054,Jung Seung-suk,PEOPLE,CARRIED,B6,UNKNOWN,KOREAN (South Korea),HIGH,SECONDARY,INDIA_TO_KOREA,2,0,S-0024;S-0118,P-0054
P-0055,U Myeong-ju,PEOPLE,CARRIED,B6,LAY_BUDDHIST,KOREAN (South Korea),HIGH,PRIMARY,BIDIRECTIONAL,1,1,S-0054,P-0055
P-0062,Buddhavara (Ven.),PEOPLE,CARRIED,B6,SEON_CHAN;THERAVADA_ORIENTED,KOREAN (South Korea; resident in India),MEDIUM,PRIMARY,KOREA_TO_INDIA,1,1,S-0018,P-0062
P-0063,Hyoseok (Ven.),PEOPLE,CARRIED,B6,SEON_CHAN,KOREAN (South Korea),HIGH,PRIMARY,INDIA_TO_KOREA,1,1,S-0063,P-0063
P-0064,Wookwan (Ven.),PEOPLE,CARRIED,B6,SEON_CHAN,KOREAN (South Korea),HIGH,PRIMARY,BIDIRECTIONAL,2,0,S-0076;S-0026,P-0064
P-0065,Gakseong (Ven.),PEOPLE,CARRIED,B6,SEON_CHAN,KOREAN (South Korea),HIGH,PRIMARY,INDIA_TO_KOREA,2,0,S-0019;S-0009,P-0065
P-0068,Sŏ Chŏng-ju,PEOPLE,CARRIED,B5,LAY_BUDDHIST,KOREAN (colonial Korea -> South Korea),MEDIUM,SECONDARY,INDIA_TO_KOREA,2,0,S-0177;S-0032,P-0068
P-0071,Vinoba Bhave,PEOPLE,CARRIED,B5,NON_BUDDHIST,INDIAN,MEDIUM,MEDIATOR,INDIA_TO_KOREA,1,1,S-0025,P-0071
P-0072,Yi Yŏng-jae,PEOPLE,CARRIED,B4,SEON_CHAN,KOREAN (colonial Korea),HIGH,PRIMARY,KOREA_TO_INDIA,5,0,S-0075;S-0013;S-0101;S-0077;S-0072,P-0072
P-0073,Hwang Su-yŏng,PEOPLE,CARRIED,B5,LAY_BUDDHIST,KOREAN,HIGH,PRIMARY,KOREA_TO_INDIA,2,0,S-0121;S-0062,P-0073
P-0074,Muhak Chach'o,PEOPLE,CARRIED,B2,SEON_CHAN,KOREAN,MEDIUM,MEDIATOR,INDIA_TO_KOREA,3,0,S-0064;S-0006;S-0020,P-0074
P-0075,Baegun Gyeonghan,PEOPLE,CARRIED,B2,SEON_CHAN,KOREAN,MEDIUM,SECONDARY,INDIA_TO_KOREA,2,0,S-0064;S-0006,P-0075
P-0076,Sitanshu Yashaschandra,PEOPLE,CARRIED,B5,NON_BUDDHIST,INDIAN,MEDIUM,SECONDARY,INDIA_TO_KOREA,1,1,S-0032,P-0076
P-0077,Ch'ukwŏn Chijŏn,PEOPLE,CARRIED,B2,SEON_CHAN,KOREAN,MEDIUM,SECONDARY,INDIA_TO_KOREA,2,0,S-0064;S-0006,P-0077
TX-0001,Wang ocheonchukguk jeon,TEXTS,CARRIED,B1,,,HIGH,Sole surviving 8th-c. East Asian record of India/Central Asia; key primary source for 8th-c. India;First Korean travel record of India; foundational for Korean India-studies,UNCERTAIN,,0,"Discovered at Dunhuang by Pelliot 1908; authorship confirmed by Takakusu 1915; first German translation by W. Fuchs 1938 (Huei-ch'ao's Pilgerreise durch Nordwest-Indien und Zentral-Asien um 726, Sitzungsberichte der Preussischen Akademie der Wissenschaften, Phil.-hist. Klasse XXX, 1938; pub. 1939 per KCI Lee Jae-won 2016) - encykorea E0039126 gives 1928, an error contradicted by the bibliographic record and the peer-reviewed KCI article; Ch'oe Nam-sŏn 1943 Korean edition",TX-0001
TX-0002,Haedong-so commentaries,TEXTS,CARRIED,B1,,,HIGH,"Commentary on Indian-origin text (Awakening of Faith, attributed to Asvaghosa);Korea's greatest Buddhist philosophical works; studied in Tang and Japan",UNCERTAIN,,0,,TX-0002
TX-0003,Samguk Yusa,TEXTS,CARRIED,B2,,,HIGH,"Preserves Marananta, Gyeomik, Heo Hwang-ok and Suro traditions of Indian contact;Most important Korean historical compendium after Samguk Sagi",UNCERTAIN,,0,c. 1283-1287,TX-0003
TX-0007,Chosŏn Pulgyo T'ongsa,TEXTS,CARRIED,B4,,,HIGH,Traces Korean Buddhism to Indian origins;First comprehensive Korean Buddhist history,UNCERTAIN,,0,Internet Archive scan available,TX-0007
TX-0010,The Lamp of the East (1929 message),TEXTS,CARRIED,B4,,,HIGH,Tagore's message to the Korean people;Korea's most beloved consolation text; monument at Daehak-ro,UNCERTAIN,,0,Authenticity controversy documented in notes of P-0030,TX-0010
TX-0012,Nim-ŭi Ch'immuk,TEXTS,CARRIED,B4,,,HIGH,Korean absorption of Tagore's spiritual lyricism (per KCI scholarship);Canonical Korean resistance poetry,UNCERTAIN,,0,,TX-0012
TX-0016,Chosŏn Pulgyo,TEXTS,CARRIED,B4,,,HIGH,Argues Buddhism reached Korea directly from India/Xiyu (northern route);Korean Buddhist history for Pan-Pacific Buddhist Youth Conference,UNCERTAIN,,0,,TX-0016
TX-0018,Muso-yu,TEXTS,CARRIED,B5,,,HIGH,Gandhi's words open the collection; Gandhian renunciation ethics;Bestselling Korean Buddhist essay collection,UNCERTAIN,,0,,TX-0018
TX-0019,Wookwan's Korean Temple Food,TEXTS,CARRIED,B6,,,HIGH,India-trained author (Delhi Univ. Buddhist studies);Korean temple food internationalization; IBPA Benjamin Franklin Award silver,UNCERTAIN,,0,,TX-0019
TX-0020,Morning Calm and The Pensive Beyond,TEXTS,CARRIED,B6,,,HIGH,India's foremost living Indologist on India-Korea interflow;Dedicated India-Korea cultural interflow study,UNCERTAIN,,0,"Aditya Prakashan, ISBN 978-8194085034",TX-0020
TX-0021,India and Korea Through the Ages,TEXTS,CARRIED,B6,,,HIGH,India-Korea historical/cultural relations;Korean studies in India,UNCERTAIN,,0,,TX-0021
TX-0028,Samguk Sagi,TEXTS,CARRIED,B2,,,HIGH,Records Marananta's 384 arrival and Baekje Buddhism;Korea's oldest extant history,UNCERTAIN,,0,Author: Kim Busik (not yet a dataset person),TX-0028
TX-0029,Seong yusik non hakki,TEXTS,CARRIED,B1,,,HIGH,Commentary on Cheng Weishi Lun (Indian Yogacara);Silla Yogacara scholarship,UNCERTAIN,,0,,TX-0029
