metric,value,scope,node_type,historical_band,node_id,note
node_count,104,ALL,,,,canonical + event-participant nodes; legendary excluded
edge_count,70,ALL,,,,"unweighted, non-legendary primary graph"
isolated_node_count,19,ALL,,,,no explicit primary-network edge
node_type_count,19,ALL,EVENTS,,,
node_type_count,19,ALL,INSTITUTIONS,,,
node_type_count,53,ALL,PEOPLE,,,
node_type_count,13,ALL,TEXTS,,,
edge_type_count,2,ALL,,,,INDIRECT_INFLUENCE
edge_type_count,49,ALL,,,,INSTITUTIONAL
edge_type_count,8,ALL,,,,PERSON_ENCOUNTER
edge_type_count,11,ALL,,,,TEXTUAL_TRANSMISSION
direction_count,22,ALL,,,,INSTITUTION_TO_EVENT
direction_count,13,ALL,,,,PERSON_TO_EVENT
direction_count,14,ALL,,,,PERSON_TO_INSTITUTION
direction_count,11,ALL,,,,PERSON_TO_TEXT
direction_count,2,ALL,,,,UNCERTAIN
direction_count,8,ALL,,,,UNDIRECTED
node_count,22,BAND,,B1,,
edge_count,7,BAND,,B1,,
node_count,10,BAND,,B2,,
edge_count,9,BAND,,B2,,
node_count,0,BAND,,B3,,
edge_count,0,BAND,,B3,,
node_count,10,BAND,,B4,,
edge_count,7,BAND,,B4,,
node_count,9,BAND,,B5,,
edge_count,6,BAND,,B5,,
node_count,43,BAND,,B6,,
edge_count,41,BAND,,B6,,
degree,1,NODE,PEOPLE,,EP-0001,
betweenness_undirected_projection,0.000000,NODE,PEOPLE,,EP-0001,
degree,1,NODE,PEOPLE,,EP-0002,
betweenness_undirected_projection,0.000000,NODE,PEOPLE,,EP-0002,
degree,1,NODE,PEOPLE,,EP-0003,
betweenness_undirected_projection,0.000000,NODE,PEOPLE,,EP-0003,
degree,1,NODE,PEOPLE,,EP-0004,
betweenness_undirected_projection,0.000000,NODE,PEOPLE,,EP-0004,
degree,1,NODE,PEOPLE,,EP-0005,
betweenness_undirected_projection,0.000000,NODE,PEOPLE,,EP-0005,
degree,2,NODE,PEOPLE,,EP-0006,
betweenness_undirected_projection,1.000000,NODE,PEOPLE,,EP-0006,
degree,1,NODE,PEOPLE,,EP-0007,
betweenness_undirected_projection,0.000000,NODE,PEOPLE,,EP-0007,
degree,1,NODE,PEOPLE,,EP-0008,
betweenness_undirected_projection,0.000000,NODE,PEOPLE,,EP-0008,
degree,1,NODE,PEOPLE,,EP-0009,
betweenness_undirected_projection,0.000000,NODE,PEOPLE,,EP-0009,
degree,1,NODE,PEOPLE,,EP-0010,
betweenness_undirected_projection,0.000000,NODE,PEOPLE,,EP-0010,
degree,2,NODE,EVENTS,B6,EV-0001,
betweenness_undirected_projection,14.000000,NODE,EVENTS,B6,EV-0001,
degree,3,NODE,EVENTS,B6,EV-0002,
betweenness_undirected_projection,11.000000,NODE,EVENTS,B6,EV-0002,
degree,3,NODE,EVENTS,B6,EV-0003,
betweenness_undirected_projection,15.000000,NODE,EVENTS,B6,EV-0003,
degree,2,NODE,EVENTS,B6,EV-0004,
betweenness_undirected_projection,1.000000,NODE,EVENTS,B6,EV-0004,
degree,3,NODE,EVENTS,B6,EV-0005,
betweenness_undirected_projection,14.000000,NODE,EVENTS,B6,EV-0005,
degree,1,NODE,EVENTS,B6,EV-0006,
betweenness_undirected_projection,0.000000,NODE,EVENTS,B6,EV-0006,
degree,1,NODE,EVENTS,B6,EV-0007,
betweenness_undirected_projection,0.000000,NODE,EVENTS,B6,EV-0007,
degree,1,NODE,EVENTS,B6,EV-0008,
betweenness_undirected_projection,0.000000,NODE,EVENTS,B6,EV-0008,
degree,3,NODE,EVENTS,B6,EV-0009,
betweenness_undirected_projection,62.000000,NODE,EVENTS,B6,EV-0009,
degree,2,NODE,EVENTS,B6,EV-0010,
betweenness_undirected_projection,8.000000,NODE,EVENTS,B6,EV-0010,
degree,2,NODE,EVENTS,B6,EV-0011,
betweenness_undirected_projection,3.000000,NODE,EVENTS,B6,EV-0011,
degree,1,NODE,EVENTS,B6,EV-0012,
betweenness_undirected_projection,0.000000,NODE,EVENTS,B6,EV-0012,
degree,1,NODE,EVENTS,B6,EV-0013,
betweenness_undirected_projection,0.000000,NODE,EVENTS,B6,EV-0013,
degree,3,NODE,EVENTS,B6,EV-0014,
betweenness_undirected_projection,27.000000,NODE,EVENTS,B6,EV-0014,
degree,2,NODE,EVENTS,B5,EV-0015,
betweenness_undirected_projection,1.000000,NODE,EVENTS,B5,EV-0015,
degree,2,NODE,EVENTS,B6,EV-0016,
betweenness_undirected_projection,6.000000,NODE,EVENTS,B6,EV-0016,
degree,2,NODE,EVENTS,B2,EV-0017,
betweenness_undirected_projection,1.000000,NODE,EVENTS,B2,EV-0017,
degree,1,NODE,EVENTS,B6,EV-0018,
betweenness_undirected_projection,0.000000,NODE,EVENTS,B6,EV-0018,
degree,0,NODE,EVENTS,B6,EV-0019,
betweenness_undirected_projection,0.000000,NODE,EVENTS,B6,EV-0019,
degree,3,NODE,INSTITUTIONS,B1,I-0002,
betweenness_undirected_projection,17.000000,NODE,INSTITUTIONS,B1,I-0002,
degree,4,NODE,INSTITUTIONS,B2,I-0003,
betweenness_undirected_projection,13.000000,NODE,INSTITUTIONS,B2,I-0003,
degree,5,NODE,INSTITUTIONS,B6,I-0010,
betweenness_undirected_projection,19.000000,NODE,INSTITUTIONS,B6,I-0010,
degree,1,NODE,INSTITUTIONS,B6,I-0012,
betweenness_undirected_projection,0.000000,NODE,INSTITUTIONS,B6,I-0012,
degree,0,NODE,INSTITUTIONS,B6,I-0013,
betweenness_undirected_projection,0.000000,NODE,INSTITUTIONS,B6,I-0013,
degree,2,NODE,INSTITUTIONS,B6,I-0014,
betweenness_undirected_projection,0.000000,NODE,INSTITUTIONS,B6,I-0014,
degree,3,NODE,INSTITUTIONS,B6,I-0015,
betweenness_undirected_projection,54.000000,NODE,INSTITUTIONS,B6,I-0015,
degree,1,NODE,INSTITUTIONS,B6,I-0016,
betweenness_undirected_projection,0.000000,NODE,INSTITUTIONS,B6,I-0016,
degree,1,NODE,INSTITUTIONS,B5,I-0020,
betweenness_undirected_projection,0.000000,NODE,INSTITUTIONS,B5,I-0020,
degree,1,NODE,INSTITUTIONS,B6,I-0021,
betweenness_undirected_projection,0.000000,NODE,INSTITUTIONS,B6,I-0021,
degree,5,NODE,INSTITUTIONS,B6,I-0022,
betweenness_undirected_projection,73.000000,NODE,INSTITUTIONS,B6,I-0022,
degree,1,NODE,INSTITUTIONS,B6,I-0023,
betweenness_undirected_projection,0.000000,NODE,INSTITUTIONS,B6,I-0023,
degree,1,NODE,INSTITUTIONS,B6,I-0024,
betweenness_undirected_projection,0.000000,NODE,INSTITUTIONS,B6,I-0024,
degree,0,NODE,INSTITUTIONS,B6,I-0025,
betweenness_undirected_projection,0.000000,NODE,INSTITUTIONS,B6,I-0025,
degree,4,NODE,INSTITUTIONS,B6,I-0026,
betweenness_undirected_projection,27.000000,NODE,INSTITUTIONS,B6,I-0026,
degree,1,NODE,INSTITUTIONS,B6,I-0027,
betweenness_undirected_projection,0.000000,NODE,INSTITUTIONS,B6,I-0027,
degree,1,NODE,INSTITUTIONS,B6,I-0028,
betweenness_undirected_projection,0.000000,NODE,INSTITUTIONS,B6,I-0028,
degree,1,NODE,INSTITUTIONS,B5,I-0030,
betweenness_undirected_projection,0.000000,NODE,INSTITUTIONS,B5,I-0030,
degree,1,NODE,INSTITUTIONS,B6,I-0031,
betweenness_undirected_projection,0.000000,NODE,INSTITUTIONS,B6,I-0031,
degree,1,NODE,PEOPLE,B1,P-0001,
betweenness_undirected_projection,0.000000,NODE,PEOPLE,B1,P-0001,
degree,0,NODE,PEOPLE,B1,P-0002,
betweenness_undirected_projection,0.000000,NODE,PEOPLE,B1,P-0002,
degree,1,NODE,PEOPLE,B1,P-0003,
betweenness_undirected_projection,0.000000,NODE,PEOPLE,B1,P-0003,
degree,0,NODE,PEOPLE,B1,P-0004,
betweenness_undirected_projection,0.000000,NODE,PEOPLE,B1,P-0004,
degree,1,NODE,PEOPLE,B1,P-0005,
betweenness_undirected_projection,0.000000,NODE,PEOPLE,B1,P-0005,
degree,0,NODE,PEOPLE,B1,P-0006,
betweenness_undirected_projection,0.000000,NODE,PEOPLE,B1,P-0006,
degree,1,NODE,PEOPLE,B2,P-0009,
betweenness_undirected_projection,0.000000,NODE,PEOPLE,B2,P-0009,
degree,0,NODE,PEOPLE,B1,P-0010,
betweenness_undirected_projection,0.000000,NODE,PEOPLE,B1,P-0010,
degree,1,NODE,PEOPLE,B1,P-0011,
betweenness_undirected_projection,0.000000,NODE,PEOPLE,B1,P-0011,
degree,1,NODE,PEOPLE,B1,P-0012,
betweenness_undirected_projection,0.000000,NODE,PEOPLE,B1,P-0012,
degree,1,NODE,PEOPLE,B1,P-0013,
betweenness_undirected_projection,0.000000,NODE,PEOPLE,B1,P-0013,
degree,1,NODE,PEOPLE,B1,P-0014,
betweenness_undirected_projection,0.000000,NODE,PEOPLE,B1,P-0014,
degree,0,NODE,PEOPLE,B1,P-0015,
betweenness_undirected_projection,0.000000,NODE,PEOPLE,B1,P-0015,
degree,0,NODE,PEOPLE,B1,P-0016,
betweenness_undirected_projection,0.000000,NODE,PEOPLE,B1,P-0016,
degree,0,NODE,PEOPLE,B1,P-0017,
betweenness_undirected_projection,0.000000,NODE,PEOPLE,B1,P-0017,
degree,0,NODE,PEOPLE,B1,P-0018,
betweenness_undirected_projection,0.000000,NODE,PEOPLE,B1,P-0018,
degree,0,NODE,PEOPLE,B1,P-0020,
betweenness_undirected_projection,0.000000,NODE,PEOPLE,B1,P-0020,
degree,0,NODE,PEOPLE,B1,P-0021,
betweenness_undirected_projection,0.000000,NODE,PEOPLE,B1,P-0021,
degree,0,NODE,PEOPLE,B1,P-0022,
betweenness_undirected_projection,0.000000,NODE,PEOPLE,B1,P-0022,
degree,6,NODE,PEOPLE,B2,P-0023,
betweenness_undirected_projection,34.000000,NODE,PEOPLE,B2,P-0023,
degree,2,NODE,PEOPLE,B2,P-0024,
betweenness_undirected_projection,3.000000,NODE,PEOPLE,B2,P-0024,
degree,1,NODE,PEOPLE,B4,P-0028,
betweenness_undirected_projection,0.000000,NODE,PEOPLE,B4,P-0028,
degree,2,NODE,PEOPLE,B4,P-0029,
betweenness_undirected_projection,4.000000,NODE,PEOPLE,B4,P-0029,
degree,3,NODE,PEOPLE,B4,P-0030,
betweenness_undirected_projection,8.000000,NODE,PEOPLE,B4,P-0030,
degree,2,NODE,PEOPLE,B4,P-0034,
betweenness_undirected_projection,4.000000,NODE,PEOPLE,B4,P-0034,
degree,1,NODE,PEOPLE,B4,P-0038,
betweenness_undirected_projection,0.000000,NODE,PEOPLE,B4,P-0038,
degree,0,NODE,PEOPLE,B6,P-0051,
betweenness_undirected_projection,0.000000,NODE,PEOPLE,B6,P-0051,
degree,4,NODE,PEOPLE,B5,P-0052,
betweenness_undirected_projection,6.000000,NODE,PEOPLE,B5,P-0052,
degree,1,NODE,PEOPLE,B6,P-0053,
betweenness_undirected_projection,0.000000,NODE,PEOPLE,B6,P-0053,
degree,1,NODE,PEOPLE,B6,P-0054,
betweenness_undirected_projection,0.000000,NODE,PEOPLE,B6,P-0054,
degree,1,NODE,PEOPLE,B6,P-0055,
betweenness_undirected_projection,0.000000,NODE,PEOPLE,B6,P-0055,
degree,3,NODE,PEOPLE,B6,P-0062,
betweenness_undirected_projection,36.000000,NODE,PEOPLE,B6,P-0062,
degree,1,NODE,PEOPLE,B6,P-0063,
betweenness_undirected_projection,0.000000,NODE,PEOPLE,B6,P-0063,
degree,2,NODE,PEOPLE,B6,P-0064,
betweenness_undirected_projection,1.000000,NODE,PEOPLE,B6,P-0064,
degree,0,NODE,PEOPLE,B6,P-0065,
betweenness_undirected_projection,0.000000,NODE,PEOPLE,B6,P-0065,
degree,2,NODE,PEOPLE,B5,P-0068,
betweenness_undirected_projection,6.000000,NODE,PEOPLE,B5,P-0068,
degree,1,NODE,PEOPLE,B5,P-0071,
betweenness_undirected_projection,0.000000,NODE,PEOPLE,B5,P-0071,
degree,0,NODE,PEOPLE,B4,P-0072,
betweenness_undirected_projection,0.000000,NODE,PEOPLE,B4,P-0072,
degree,1,NODE,PEOPLE,B5,P-0073,
betweenness_undirected_projection,0.000000,NODE,PEOPLE,B5,P-0073,
degree,2,NODE,PEOPLE,B2,P-0074,
betweenness_undirected_projection,0.000000,NODE,PEOPLE,B2,P-0074,
degree,1,NODE,PEOPLE,B2,P-0075,
betweenness_undirected_projection,0.000000,NODE,PEOPLE,B2,P-0075,
degree,1,NODE,PEOPLE,B5,P-0076,
betweenness_undirected_projection,0.000000,NODE,PEOPLE,B5,P-0076,
degree,1,NODE,PEOPLE,B2,P-0077,
betweenness_undirected_projection,0.000000,NODE,PEOPLE,B2,P-0077,
degree,1,NODE,TEXTS,B1,TX-0001,
betweenness_undirected_projection,0.000000,NODE,TEXTS,B1,TX-0001,
degree,1,NODE,TEXTS,B1,TX-0002,
betweenness_undirected_projection,0.000000,NODE,TEXTS,B1,TX-0002,
degree,1,NODE,TEXTS,B2,TX-0003,
betweenness_undirected_projection,0.000000,NODE,TEXTS,B2,TX-0003,
degree,1,NODE,TEXTS,B4,TX-0007,
betweenness_undirected_projection,0.000000,NODE,TEXTS,B4,TX-0007,
degree,1,NODE,TEXTS,B4,TX-0010,
betweenness_undirected_projection,0.000000,NODE,TEXTS,B4,TX-0010,
degree,1,NODE,TEXTS,B4,TX-0012,
betweenness_undirected_projection,0.000000,NODE,TEXTS,B4,TX-0012,
degree,1,NODE,TEXTS,B4,TX-0016,
betweenness_undirected_projection,0.000000,NODE,TEXTS,B4,TX-0016,
degree,1,NODE,TEXTS,B5,TX-0018,
betweenness_undirected_projection,0.000000,NODE,TEXTS,B5,TX-0018,
degree,1,NODE,TEXTS,B6,TX-0019,
betweenness_undirected_projection,0.000000,NODE,TEXTS,B6,TX-0019,
degree,1,NODE,TEXTS,B6,TX-0020,
betweenness_undirected_projection,0.000000,NODE,TEXTS,B6,TX-0020,
degree,0,NODE,TEXTS,B6,TX-0021,
betweenness_undirected_projection,0.000000,NODE,TEXTS,B6,TX-0021,
degree,0,NODE,TEXTS,B2,TX-0028,
betweenness_undirected_projection,0.000000,NODE,TEXTS,B2,TX-0028,
degree,1,NODE,TEXTS,B1,TX-0029,
betweenness_undirected_projection,0.000000,NODE,TEXTS,B1,TX-0029,
