place_id,place_name,modern_country,place_type,centroid_lat,centroid_lon,geometry_type,uncertainty_radius_km,precision,confidence,basis,provenance,notes
PL-0001,Korea (Silla),Korea,KINGDOM,35.856,129.224,REGION_CENTROID,100,APPROX,MEDIUM,"Historical capital Seorabeol (Gyeongju), 57 BCE-935 CE",Derived 2026-08-17 from frozen V3.0 (read-only) by build_derived_tables.py; no new historical research.,Approximate centroid for cartographic anchoring only; not a precise site point. Do not use for distance measurements below the uncertainty radius.
PL-0002,Korea (Baekje),Korea,KINGDOM,36.282,126.913,REGION_CENTROID,100,APPROX,MEDIUM,"Final capital Sabi (Buyeo), 538-660 CE",Derived 2026-08-17 from frozen V3.0 (read-only) by build_derived_tables.py; no new historical research.,Approximate centroid for cartographic anchoring only; not a precise site point. Do not use for distance measurements below the uncertainty radius.
PL-0004,Korea (Goguryeo),Korea,KINGDOM,39.031,125.754,REGION_CENTROID,150,APPROX,MEDIUM,"Capital Pyongyang, 427-668 CE",Derived 2026-08-17 from frozen V3.0 (read-only) by build_derived_tables.py; no new historical research.,Approximate centroid for cartographic anchoring only; not a precise site point. Do not use for distance measurements below the uncertainty radius.
PL-0005,Korea (Goryeo),Korea,KINGDOM,37.971,126.564,REGION_CENTROID,100,APPROX,MEDIUM,"Capital Gaegyeong (Kaesong), 919-1392",Derived 2026-08-17 from frozen V3.0 (read-only) by build_derived_tables.py; no new historical research.,Approximate centroid for cartographic anchoring only; not a precise site point. Do not use for distance measurements below the uncertainty radius.
PL-0006,Korea (Joseon),Korea,KINGDOM,37.566,126.978,REGION_CENTROID,100,APPROX,MEDIUM,"Capital Hanseong (Seoul), 1394-1910",Derived 2026-08-17 from frozen V3.0 (read-only) by build_derived_tables.py; no new historical research.,Approximate centroid for cartographic anchoring only; not a precise site point. Do not use for distance measurements below the uncertainty radius.
PL-0008,India (Gandhara),Pakistan/India,REGION,33.746,72.839,REGION_CENTROID,150,APPROX,MEDIUM,Core region Taxila-Peshawar (Gandhara),Derived 2026-08-17 from frozen V3.0 (read-only) by build_derived_tables.py; no new historical research.,Approximate centroid for cartographic anchoring only; not a precise site point. Do not use for distance measurements below the uncertainty radius.
PL-0012,India (Central India / Sangana),India,MONASTERY,23.17,79.94,REGION_CENTROID,250,APPROX,MEDIUM,Central India region; exact site of Sangana unknown (data place_type=MONASTERY but it is a region),Derived 2026-08-17 from frozen V3.0 (read-only) by build_derived_tables.py; no new historical research.,Approximate centroid for cartographic anchoring only; not a precise site point. Do not use for distance measurements below the uncertainty radius.
PL-0019,Central Asia (Serindia/Western Regions),Central Asia,REGION,38.5,84.5,REGION_CENTROID,400,APPROX,MEDIUM,Tarim Basin (Serindia) region centroid,Derived 2026-08-17 from frozen V3.0 (read-only) by build_derived_tables.py; no new historical research.,Approximate centroid for cartographic anchoring only; not a precise site point. Do not use for distance measurements below the uncertainty radius.
PL-0031,India (unspecified),India,REGION,22.5,79.0,REGION_CENTROID,600,APPROX,MEDIUM,National centroid of India (unspecified location),Derived 2026-08-17 from frozen V3.0 (read-only) by build_derived_tables.py; no new historical research.,Approximate centroid for cartographic anchoring only; not a precise site point. Do not use for distance measurements below the uncertainty radius.
