person_id,full_name,name_variants,korean_name_hangul,korean_name_hanja,indian_local_name_variants,birth_year,birth_date_precision,death_year,death_date_precision,nationality_region,period,profession_role,religious_affiliation,institution_org,india_connection,korea_connection,relationship_type,physically_traveled,travel_summary,direction_of_influence,exchange_types,evidence_of_influence,historical_significance,confidence,notes,data_entry_date,status,source_ids
P-0001,Hyecho,Hye-ch'o; Huichao; Hye Ch'o; 慧超; 惠超,혜초,慧超,,704,APPROX,787,APPROX,KOREAN (Silla),ANCIENT,Buddhist monk; pilgrim; translator,Buddhism (Esoteric/Vajrayana; disciple of Vajrabodhi and Amoghavajra),Juefu Temple (Chang'an); Dryuan Puti Temple (Mt Wutai),"Pilgrimage to the Five Indias c. 723-727 (sea out via Guangzhou, land back via Central Asia/Persia); visited Kushinagara, Varanasi, Rajagrha, Bodhgaya, Lumbini, Kashmir, Gandhara",Silla-born; never returned to Korea; active in Tang; among Amoghavajra's six great disciples; later in Japanese Shingon lineage,DIRECT,YES,"Departed Guangzhou by sea (c. 719 or 723); toured the Five Indias; reached Nishapur (Persia); returned overland via Pamir/Central Asia; account ends at Kucha, Nov 727",BIDIRECTIONAL,RELIGIOUS;LITERARY;INTELLECTUAL,"Wang ocheonchukguk jeon (往五天竺國傳), the sole surviving 8th-c. East Asian record of India/Central Asia; Dunhuang ms. (Pelliot 1908), Bibliothèque nationale de France",First Korean recorded to have travelled to India by sea and returned overland leaving a written record; 'world's oldest of the four great travelogues' per Korean scholarship,HIGH,"Travel dates conflict across sources (719-727 vs 723-727/728; '730경' per our-history-net). Standard Korean dates 704-787 (Korean Wikipedia, NIKH-adjacent sources, 인천in); birth c. 700 / death 780 appear in older scholarship - kept as variant. Author identification with Amoghavajra's Silla disciple is scholarly consensus (Takakusu).",2026-08-16,VERIFIED,S-0048;S-0039;S-0137;S-0095;S-0104;S-0105
P-0002,Woncheuk,Wŏnch'ŭk; Wonchuk; Wuan-tshe (Tibetan); Ximing dashi; 圓測,원측,圓測,,613,YEAR,696,YEAR,KOREAN (Silla),ANCIENT,Buddhist monk; Yogacara scholar; abbot,Buddhism (East Asian Yogacara/Cittamatra),"Ximing Monastery (西明寺), Chang'an",Studied Indian Yogacara doctrine (Vasubandhu's texts) via Xuanzang's translations in Chang'an; never travelled to India,Silla royal family (grandson of King Chinp'yong per some accounts); ordained at 15 in Silla before going to Tang,INDIRECT,NO,NULL (Silla->Tang c. 627 only; lived in Chang'an),INDIA_TO_KOREA,RELIGIOUS;INTELLECTUAL,"Commentaries (e.g., on Samdhinirmocana-sutra) studied and quoted in Tibetan doxographies; long-standing rivalry with Kuiji",One of the most influential Silla monks in Tang China; his works transmitted to Tibet,HIGH,Dates 613-696 per John Powers (JIABS); some accounts differ slightly.,2026-08-16,VERIFIED,S-0149;S-0051
P-0003,Wŏnhyo,Wonhyo; Wŏn-hyo; 元曉; Haedong bosal; 'Jinna bosal' epithet in China,원효,元曉,,617,YEAR,686,YEAR,KOREAN (Silla),ANCIENT,Buddhist philosopher-monk; author; popularizer; founder of Haedongjong,Buddhism (Hwaeom/Huayan and broader Mahayana),Hwangnyongsa milieu; Haedongjong lineage,"Deeply studied Indian-origin texts, esp. the Awakening of Faith (attributed to Asvaghosa); wrote famous Haedong-so commentaries; legend of an aborted trip to Tang/India",Silla native; tutored many Silla monks; works transmitted to Tang and Japan,INDIRECT,NO,"Legend (hagiography): while travelling to Tang with Ŭisang, awakened overnight in a cave ('mind only') and never went abroad; no India journey recorded",INDIA_TO_KOREA,RELIGIOUS;INTELLECTUAL,Haedong-so commentaries studied in Tang/Japan; called 'Jinna bosal' in China (equated with Indian logician Dignaga); T'ong pulgyo synthesis,Korea's greatest Buddhist philosopher; synthesized Indian/Chinese Buddhist thought for Korea,HIGH,"Person and works verified; the cave legend is traditional hagiography. Relationship to India is intellectual, not physical.",2026-08-16,VERIFIED,S-0001;S-0049;S-0038
P-0004,Kyŏnghŭng,Gyeongheung; 憬興; Su Kyŏnghŭng,경흥,憬興,,,UNKNOWN,,UNKNOWN,"KOREAN (Silla; born Ungcheon, former Baekje territory)",ANCIENT,Buddhist monk; commentator; one of Silla's 'Three/Four Great Writers',Buddhism (specialized in Pure Land/Amitabha commentary),Samrangsa (三郎寺); made Kukro (national elder) by King Sinmun,Authored commentaries on Indian-derived sutras (Three Pure Land sutras incl. the Smaller Sukhavativyuha; Golden Light Sutra) without travelling to India,Silla monk under King Sinmun (r. 681-692); works survive via Japanese holdings,INDIRECT,NO,NULL,INDIA_TO_KOREA,RELIGIOUS;INTELLECTUAL,"Sam Mireukgyeong so (三彌勒經疏) and Muryangsugyong yonuisulmunchan survive; the latter long studied in Japan; ~40 works recorded, 3 extant",Major Silla exegete of Indian Buddhist scriptural heritage; bridge from Baekje-refugee traditions into Unified Silla scholarship,MEDIUM,Exact dates unrecorded; ordained at 18; lived during King Sinmun's reign.,2026-08-16,VERIFIED,S-0037;S-0160
P-0005,T'aehyŏn,Taehyon; Tae-hyŏn; 太賢; 大賢,태현,太賢,,,UNKNOWN,,UNKNOWN,KOREAN (Silla),ANCIENT,Buddhist monk; Yogacara commentator; one of Silla's Four Great Writers,Buddhism (Yogacara; later revered as founder of Goryeo Yugajong),"Yongjangsa Temple, Namsan (Gyeongju)",Commented on Xuanzang/Dharmapala-derived Cheng Weishi Lun (Indian Yogacara thought); no India travel,"Silla monk; 52 works recorded, 5 extant",INDIRECT,NO,NULL,INDIA_TO_KOREA,RELIGIOUS;INTELLECTUAL,Seong yusik non hakki (成唯識論學記) and Daeseung gisillon naeui yaktamgi (Awakening of Faith commentary); Beommanggyeong gojeokki (Brahma's Net Sutra),Key Silla interpreter of Indian-origin Yogacara texts; foundational figure claimed by early Goryeo Yugajong,MEDIUM,Dates approximate; placed in King Gyeongdeok's reign (742-765) by tradition; some scholars date him later.,2026-08-16,VERIFIED,S-0046;S-0161
P-0006,Marananta,Mallananda; 摩羅難陀; 摩羅難陁,마라난타,摩羅難陀,,,UNKNOWN,,UNKNOWN,UNCERTAIN (Western Regions/Serindia; some scholars argue Indian; came via Eastern Jin China),ANCIENT,Buddhist monk ('foreign monk' 胡僧),Buddhism,"First Baekje temple (Hansan, 385 CE)","If Indian (per some scholars, e.g., Lee Sang-ho 1960), the first Indian Buddhist to reach Korea; at minimum connected to Indian Buddhism via Central Asian monastic networks of the Jin period","Arrived Baekje 384 (9th month, King Chimnyu's 1st year); received by the king; Buddhism 'began from this' (Samguk Sagi); temple built 385",DIRECT,YES,"Came from Eastern Jin territory to Baekje by sea, 384 CE; no detailed itinerary preserved",INDIA_TO_KOREA,RELIGIOUS,Samguk Sagi (sg_024r_0100_0030) and Samguk Yusa records; both mark 384 as the start of Baekje Buddhism,Traditional founder of Baekje Buddhism; earliest documented Buddhist arrival in Korean history,MEDIUM,Origin debated: db.history.go.kr (Samguk Sagi) notes '흔히 서역 출신으로 추정' with a minority view identifying him as an Indian monk (이상호 1960); encykorea describes him as '인도의 승려' (Gandhara-born per en-wiki); arrived via Eastern Jin. Sanskrit reconstruction of the name not attested in sources.,2026-08-16,VERIFIED,S-0150;S-0154;S-0044
P-0007,Heo Hwang-ok,Hŏ Hwang-ok; Huh Hwang-ok; 許黃玉; Queen of Suro of Geumgwan Gaya,허황옥,許黃玉,"(legendary) from 'Ayuta' (아유타), often equated with Ayodhya, India",,UNKNOWN,,UNKNOWN,LEGENDARY (said to be from Ayuta; disputed: Ayodhya vs other readings),ANCIENT,Queen consort of King Suro of Geumgwan Gaya (legendary),None recorded,Geumgwan Gaya state,"Legend: came by ship from Ayuta (often equated with Ayodhya, India) in 48 CE bearing gifts (twin-fish symbols); married King Suro",Ancestress of the Gaya Heo clan; tomb at Gimhae royal tombs; centre of modern India-Korea memory culture,UNCERTAIN,UNCERTAIN,Legendary sea voyage from Ayuta in 48 CE; no contemporary record beyond Samguk Yusa/Garakguk-gi tradition (compiled centuries later),UNCERTAIN,CULTURAL;RELIGIOUS,"Samguk Yusa (Garakguk-gi) narrative; modern movements (Kim Byung-mo's Ayodhya/twin-fish thesis) vs scholarly skepticism (Mohan, Kim Tae-sik: narrative reworked in Middle Silla/Goryeo)",Symbol of India-Korea relations; also the most contested India-Korea connection - flagged as legend with historiographical caveats,SPECULATIVE,"Scholarly debate: Kim Byung-mo's Ayodhya thesis vs Mohan/Kim Tae-sik skepticism (Goryeo-era narrative reworking); 'brother Jangyoo Hwasang' myth is a later addition (Ko Il-hong, SNU).",2026-08-16,LEGENDARY,S-0142;S-0151
P-0008,Suro of Geumgwan Gaya,King Suro; Kim Suro; 首露王; 金首露,수로왕,首露王,,,UNKNOWN,,UNKNOWN,"LEGENDARY (founder of Geumgwan Gaya, now Gimhae, Korea)",ANCIENT,King (legendary founder),None (legend predates Buddhism),Geumgwan Gaya confederacy,"Legendary: married Heo Hwang-ok, said to be from 'Ayuta' (often read as Ayodhya, India); six-egg origin myth",Ancestor figure of the Gimhae Kim clan,UNCERTAIN,NO,Legend only; no physical journey recorded for Suro himself (the 'travel' is his legendary wife's); narrative survives via Garakguk-gi in Samguk Yusa,UNCERTAIN,CULTURAL,Same corpus as Heo Hwang-ok; modern India ties derive from the marriage legend,Founder-king of Geumgwan Gaya; central to the Ayodhya-connection myth debates,SPECULATIVE,No contemporary record; Samguk Yusa (13th c.) is the earliest source via Garakguk-gi. Legendary reign 42-199 CE.,2026-08-16,LEGENDARY,S-0179;S-0153
P-0009,Iryŏn,Il-yeon; Ilyon; Ichinen (Japanese); 一然; born Kim Gyeon-myeong,일연,一然,,1206,YEAR,1289,YEAR,KOREAN (Goryeo),MEDIEVAL,Buddhist monk; historian; author,Buddhism (Seon),Inheungsa; Unmunsa; posthumous title Bogak Guksa,"Compiled the Samguk Yusa (三國遺事, c. 1283-1287), the primary medieval Korean source preserving the Marananta, Gyeomik, Heo Hwang-ok and Suro traditions about Indian contact",Goryeo monk; author of Korea's most important historical compendium after Kim Busik's Samguk Sagi,MEDIATED,NO,NULL,INDIA_TO_KOREA,RELIGIOUS;LITERARY;INTELLECTUAL,Samguk Yusa is the source for most legendary India-Korea traditions studied today,Sole compiler of many early India-Korea narratives; critical for the Marananta/Heo Hwang-ok/Suro historiography,HIGH,Wrote ~80 volumes; only Samguk Yusa survives.,2026-08-16,VERIFIED,S-0123;S-0166
P-0010,Hyeil (Silla esoteric monk),惠日; C. Huiri,혜일,惠日,,,UNKNOWN,,UNKNOWN,KOREAN (Silla),ANCIENT,Buddhist monk; Esoteric (Milgyo) master,Buddhism (Esoteric/Vajrayana); disciple of Amoghavajra (705-774),Tang (Chang'an) milieu; 'Six Disciples of Amoghavajra' orbit,Inherited Indian-origin esoteric teaching of Amoghavajra; introduced to Silla the Buddha-Usnisa Dharani tradition,"Carried Amoghavajra-lineage Vajrayana back to Silla (King Wonseong era, c. 789)",INDIRECT,NO,NULL (Silla->Tang->Silla; no India travel recorded),INDIA_TO_KOREA,RELIGIOUS,KCI scholarship traces Goryeo Buddha-Usnisa practice halls to the Bukong->Hyeil lineage; EncyKorea '밀교' lists Silla 惠日 among esoteric monks,Key conduit of Indian-origin esoteric Buddhism to late Silla,MEDIUM,"DO NOT confuse with (a) Goryeo Hwaeom monk Gyeoleung (courtesy name 慧日), (b) late-Goryeo Jeju poet-monk 慧日, or (c) a Japanese monk 惠日 (623).",2026-08-16,VERIFIED,S-0098;S-0045
P-0011,Gyeomik,Kyŏmik; Gyomik; 謙益,겸익,謙益,,,UNKNOWN,,UNKNOWN,KOREAN (Baekje),ANCIENT,Monk; Vinaya (Lu) scholar-translator,Buddhism (Vinaya),"Sangana Great Vinaya Monastery (常伽那大律寺), Central India; Heungnyunsa (Baekje)",Travelled to India by sea in 526 (Seongwang 4); studied Sanskrit 5 years at Sangana; returned 531 with Indian monk Baedalta bearing Sanskrit Abhidharma and Five-Part Vinaya texts,Translated 72 volumes of Vinaya with 28 monks; founded the Baekje Vinaya school,DIRECT,YES,"Sea route out (526) -> Central India (Sangana, 5 years) -> return 531 via sea with Indian Vinaya master Baedalta",INDIA_TO_KOREA,RELIGIOUS;LINGUISTIC;INTELLECTUAL,Recorded in Korean tradition (Samguk Yusa and later compilations); encyclopedia entries on the Baekje Vinaya school,Baekje's greatest documented Indian pilgrim; brought Vinaya and Sanskrit scholarship to Korea,MEDIUM,Recorded in Korean Buddhist tradition; surviving sources are later compilations.,2026-08-16,PARTIAL,S-0036;S-0171
P-0012,Baedalta,倍達多 (modern Sanskrit reconstruction not attested),,倍達多,,,UNKNOWN,,UNKNOWN,INDIAN,ANCIENT,Indian Tripitaka master (三藏),Buddhism,(travelled with Gyeomik),"Indian monk who accompanied Gyeomik to Baekje in 531, carrying Sanskrit Abhidharma and Vinaya texts",His arrival in Baekje (531) supported the establishment of the Vinaya school,DIRECT,YES,"India -> Baekje by sea, 531 CE (with Gyeomik)",INDIA_TO_KOREA,RELIGIOUS,Korean Buddhist tradition (via Gyeomik narrative); encyclopedia entries on Baekje Vinaya,Attested Indian monk physically present in Korea; rare documented 6th-century India-to-Korea movement,MEDIUM,Hanja given in tradition; do not assert a specific Sanskrit reconstruction.,2026-08-16,PARTIAL,S-0036;S-0171
P-0013,Ariyabalma,阿離耶跋摩,,阿離耶跋摩,,,UNKNOWN,,UNKNOWN,KOREAN (Silla),ANCIENT,Pilgrim monk,Buddhism,Nalanda Mahavihara,"From Chang'an went to India, stayed at Nalanda, studied sutras and died there aged 70+",Recorded in Yijing's Da Tang Xiyu qiufa gaoseng zhuan (大唐西域求法高僧傳) as a Silla person (新罗人),DIRECT,YES,Silla -> Chang'an -> Nalanda (Central India); died at Nalanda,KOREA_TO_INDIA,RELIGIOUS;INTELLECTUAL,Yijing's 7th-century record (contemporary witness); modern Korean scholarship (KCI),Contemporary 7th-century testimony of a Silla monk resident at Nalanda,MEDIUM,"Recorded by Yijing (義淨), who visited India 671-695.",2026-08-16,VERIFIED,S-0186;S-0061
P-0014,Hyeeop,Hyŏp; 慧業,혜업,慧業,,,UNKNOWN,,UNKNOWN,KOREAN (Silla),ANCIENT,Pilgrim monk,Buddhism,Bodhi temple (Bodhgaya); Nalanda,"Travelled to India, dwelt at Bodhi temple (Bodhgaya) and Nalanda; died there aged ~60; his Sanskrit manuscripts were seen at Nalanda by Yijing's party",Silla monk; noted in a colophon as '新罗僧慧业写记' at the Buddha-tooth tree,DIRECT,YES,"Silla -> India (Bodhgaya, Nalanda); died in India",KOREA_TO_INDIA,RELIGIOUS;INTELLECTUAL,Yijing's Da Tang Xiyu qiufa gaoseng zhuan,Physical presence of a Silla monk at Bodhgaya/Nalanda attested in Yijing's record,MEDIUM,NULL,2026-08-16,VERIFIED,S-0186;S-0061
P-0015,Hyŏnt'ae,賢泰,현태,賢泰,,,UNKNOWN,,UNKNOWN,KOREAN (Silla),ANCIENT,Pilgrim monk,Buddhism,,Travelled to India; returned to Tang; died in China,Silla monk recorded among the Silla contingent in Yijing's compilation,DIRECT,YES,Silla -> India -> Tang (died in China),KOREA_TO_INDIA,RELIGIOUS,Yijing's Da Tang Xiyu qiufa gaoseng zhuan,Part of the documented 7th-century Silla cohort at Indian Buddhist sites,MEDIUM,NULL,2026-08-16,VERIFIED,S-0186;S-0061
P-0016,Hyŏngak,玄恪,현각,玄恪,,,UNKNOWN,,UNKNOWN,KOREAN (Silla),ANCIENT,Pilgrim monk,Buddhism,,Accompanied Chinese monk Xuanzhao (玄照) in the Zhenguan era to Dajue Temple (Bodhgaya); died sick there in his 40s,Silla monk recorded in Yijing's compilation,DIRECT,YES,Silla -> India (with Xuanzhao) -> died at Bodhgaya,KOREA_TO_INDIA,RELIGIOUS,Yijing's Da Tang Xiyu qiufa gaoseng zhuan,Documented Silla monk who died at Bodhgaya in the 7th century,MEDIUM,NULL,2026-08-16,VERIFIED,S-0186;S-0061
P-0017,Gubon,求本,구본,求本,,,UNKNOWN,,UNKNOWN,KOREAN (Silla),ANCIENT,Pilgrim monk,Buddhism,,Went to India (recorded with the Silla contingent in Yijing),Silla monk recorded in Yijing's compilation,DIRECT,YES,Silla -> India,KOREA_TO_INDIA,RELIGIOUS,Yijing's Da Tang Xiyu qiufa gaoseng zhuan,Part of the documented 7th-century Silla cohort in India,MEDIUM,NULL,2026-08-16,VERIFIED,S-0186;S-0061
P-0018,Hyeryun,慧輪,혜륜,慧輪,,,UNKNOWN,,UNKNOWN,KOREAN (Silla; reading per Kim Bok-soon; Yijing wrote 高麗),ANCIENT,Pilgrim monk,Buddhism,,Included in Yijing's Da Tang Xiyu qiufa gaoseng zhuan among Korean monks,Korean monk; linked to the 高麗-雞貴 identification question,DIRECT,YES,Korea -> (per Yijing) India route network,KOREA_TO_INDIA,RELIGIOUS,Yijing's Da Tang Xiyu qiufa gaoseng zhuan; KCI scholarship (Kim Bok-soon),Contributes to the documented Korean monastic presence in Yijing's India network,MEDIUM,"Identification as Silla vs Koguryo/Goryeo debated (Yijing wrote '高麗'). Note: Yijing's 雞貴 gloss ('矩矩吒是雞，醫說羅是貴，即高麗國也') is an ethnonym for the Korean people, not a monk - the former P-0019 record was removed on that basis.",2026-08-16,PARTIAL,S-0097;S-0061;S-0186
P-0020,Ojin,悟真,오진,悟真,,,UNKNOWN,,UNKNOWN,KOREAN (Silla),ANCIENT,Esoteric Buddhist monk,Buddhism (Esoteric),Tang (Chang'an) milieu; studied under Hyegwa (慧果),"Went to Tang with Hyeil (惠日, c. 789, King Wonseong era); went to Central India and died in Tibet",Silla esoteric monk; part of the Amoghavajra-lineage transmission to Silla,DIRECT,YES,Silla -> Tang -> Central India -> Tibet (death),KOREA_TO_INDIA,RELIGIOUS,KCI scholarship (Ko Young-seop on Lamotte); EncyKorea '밀교',Documented late-8th-century Silla monk who reached Central India,MEDIUM,NULL,2026-08-16,VERIFIED,S-0100;S-0045
P-0021,Wonpyo,원표 (元表 in some transcriptions),원표,,,,UNKNOWN,,UNKNOWN,KOREAN (Unified Silla),ANCIENT,Monk,Buddhism,,"Travelled to India via Tang (King Gyeongdeok era, 742-765); returned to Tang and died in China",Unified Silla monk,DIRECT,YES,Silla -> Tang -> India -> Tang (death in China),KOREA_TO_INDIA,RELIGIOUS,KCI scholarship (Ko Young-seop on Lamotte),Documented 8th-century Unified Silla monk who reached India,MEDIUM,Transcription varies (원표/元表).,2026-08-16,VERIFIED,S-0100
P-0022,Hyŏnyu,賢遊? (transcription uncertain),현유,,,,UNKNOWN,,UNKNOWN,KOREAN (Goguryeo),ANCIENT,Monk,Buddhism,,Followed Chinese monk Sengche (僧哲) to Sri Lanka and was ordained there (South Asian connection; not mainland India),Goguryeo monk,DIRECT,YES,Goguryeo -> (via China) -> Sri Lanka; ordained there,UNCERTAIN,RELIGIOUS,KCI scholarship (Ko Young-seop on Lamotte),Documented Korean monk in the South Asian monastic world (Sri Lanka) in the 7th century,MEDIUM,Connection is to Sri Lanka rather than mainland India; direction of influence for India-Korea exchange uncertain.,2026-08-16,PARTIAL,S-0100
P-0023,Dhyānabhadra,Jikong (指空); Shikong; Śūnyadiśya-Dhyānabhadra; Zhikong Chanxian,지공,指空,Śūnyadiśya-Dhyānabhadra,1289,APPROX,1363,YEAR,INDIAN (Magadha),MEDIEVAL,Indian Buddhist master; Seon/Chan patriarch,Buddhism (Chan/Seon transmission),Ordained at Nalanda; founded Hoeamsa (회암사) 1328,Born in Magadha (Indian royal family per tradition); ordained at Nalanda; famous in India before leaving,Invited by King Ch'ungsuk (met at Mongol court); came to Goryeo 1326; founded Hoeamsa 1328 (reportedly modeled on Nalanda); influenced Korean Seon students incl. Naong Hyegeun and Muhak Chach'o; King Kongmin later sent his relics to Goryeo,DIRECT,YES,Magadha -> (Tibet) -> Yuan China -> Goryeo (1326) -> Yuan China; died 1363 (relics sent to Goryeo),INDIA_TO_KOREA,RELIGIOUS;INTELLECTUAL;CULTURAL,Hagiographical and scholastic records; temple foundation (Hoeamsa 1328); lineage transmission to Naong and Muhak,The last great Indian monk active in Korea; key figure in late-Goryeo Seon formation,HIGH,"Biography contains hagiographical elements (Indian royal family per tradition; ordained at Nalanda at age 8, completed training at 19 - per Yangju Hoeamsa museum and stele tradition). Core facts standard across sources: Magadha -> Yuan Dadu -> Goryeo 1326 (Ch'ungsuk era) -> Dadu Beopwonsa; died 1363; Hoeamsa stupa erected 1372 (壬子; stele text by Yi Saek).",2026-08-16,VERIFIED,S-0052;S-0164;S-0185;S-0041;S-0138
P-0024,Naong Hyegeun,懶翁 惠勤,나옹 혜근,懶翁惠勤,,1320,YEAR,1376,YEAR,KOREAN (Goryeo),MEDIEVAL,Seon monk,Buddhism (Seon),Sungsusa; Wangryunsa milieu,"Received bodhisattva precepts from the Indian master Dhyānabhadra (Jikong) at age 7 (at Sungsusa) and met him again in Yuan China at age 38, receiving Jikong's exhortation to return to Korea",Major Goryeo Seon master; successor-influence of Jikong's lineage,MEDIATED,NO,Travelled to Yuan China (not India); India connection entirely mediated through Jikong,INDIA_TO_KOREA,RELIGIOUS,KCI scholarship (Ko Young-seop on Lamotte) documenting the Jikong-Naong relationship,The channel through which the Indian monk Dhyānabhadra's teaching entered mainstream Goryeo Seon,MEDIUM,No personal travel to India; relationship mediated via the Indian master Jikong.,2026-08-16,VERIFIED,S-0100
P-0025,Yi Su-gwang,Yi Sugwang; Lee Soo-kwang; pen name Jibong (芝峰),이수광,李睟光,,1563,YEAR,1628,YEAR,KOREAN (Joseon),EARLY_MODERN,Scholar-official; encyclopedist; envoy to Ming China,Confucian,Joseon court; 1609-1611 mission to Ming,"Compiled the Foreign Countries (外國) section of Jibong yuseol with entries on India-linked polities - Bengal (榜葛剌), Ceylon (錫蘭山), Calicut (古俚) - based on Ming-era Chinese sources; among the earliest organized channels of India-related geographic knowledge into Joseon",National cultural figure; Jibong yuseol (1614) is the foundational Korean encyclopedia,MEDIATED,NO,Travelled to Ming China (1609-11); never to India,INDIA_TO_KOREA,INTELLECTUAL;CULTURAL,Jibong yuseol Foreign Countries section; Yeungnam University Press scholarly edition,First systematic Joseon-era encyclopedic intake of Indian subcontinent geography,HIGH,"India content enters via Chinese-world geography, not direct observation.",2026-08-16,VERIFIED,S-0182;S-0187
P-0026,Yi Kyu-gyŏng,Yi Kyugyong,이규경,李圭景,,1788,YEAR,1856,YEAR,KOREAN (Joseon),EARLY_MODERN,Silhak scholar; encyclopedist,Confucian,None (private scholar),"UNCERTAIN - his encyclopedia Oju yŏnmun changjŏn san'go (60 books, 1,417 topics; ~80 items on Western learning and world geography) plausibly contains India-related entries, but no specific India entry was verified in this pilot",One of Joseon's greatest encyclopedists; Oju is a national cultural monument,UNCERTAIN,NO,Did not travel abroad,UNCERTAIN,INTELLECTUAL,NULL (India-specific entries not yet located),Representative late-Joseon encyclopedic frame for absorbing world (incl. Asian) knowledge,LOW,"Born 1788-08-05, died 1856-05-16 (Korean Wikipedia; lunar dates). Follow-up needed: locate India entries (e.g., 天竺, 佛國) inside Oju itself.",2026-08-16,PARTIAL,S-0181;S-0174;S-0107
P-0027,Ch'oe Han-gi,Choe Hangi; Choi Han-ki,최한기,崔漢綺,,1803,YEAR,1877,YEAR,KOREAN (Joseon),EARLY_MODERN,Silhak philosopher; geographer; encyclopedist,Confucian (with interest in Western sciences),NULL,"Authored Jiguyŏn'gu (地球典要, 1857), a world-geography compendium introducing the Indian subcontinent to Korean readers, compiled chiefly from Xu Jiyu's Yinghuan zhilüe (瀛寰志略) and Wei Yuan's Haiguo tuzhi (海國圖志)",Major Silhak figure; pre-modern Korean systematizer of world geography,MEDIATED,NO,Never travelled outside Korea,INDIA_TO_KOREA,INTELLECTUAL;CULTURAL,"EncyKorea entry on Jiguyŏn'gu (E0054094) confirming work, sources and scope; KCI scholarship (Sohn Yong-Taek)",First complete Korean-language world geography including India's place in the Asian world,HIGH,"India appears as part of the world-region survey, not a standalone study.",2026-08-16,VERIFIED,S-0042;S-0102
P-0028,Yi Nŭng-hwa,"Yi Neunghwa; courtesy name Chahyŏn; pen names Kanjŏng, Sanghyŏn, Munŭng kŏsa",이능화,李能和,,1869,DAY,1943,DAY,KOREAN (Joseon -> colonial Korea),MODERN,Historian; religious scholar; folklorist ('father of Korean religious studies'); school principal,None (studied all religions comparatively),Hanseong Law-French School (principal); Chosŏn History Compilation Committee; Jungang Buddhist College lecturer,"In Chosŏn Pulgyo T'ongsa (朝鮮佛敎通史, 1918) wrote the first comprehensive Korean Buddhist history tracing Korean Buddhism to its Indian origins; his comparative-religion framework (Paekkyo hoet'ong, 1912) engaged Indian religions",National religious historian; pioneer of Korean religious studies,MEDIATED,NO,Visited Japan once on official inspection (1906-07); never India,INDIA_TO_KOREA,RELIGIOUS;INTELLECTUAL;ACADEMIC,Chosŏn Pulgyo T'ongsa (Internet Archive scan); EncyKorea and AKS biographical entries,Definitive early-20th-century account of Korean Buddhism's Indian-rooted history,HIGH,Date discrepancy resolved: 1869-1943 per EncyKorea/AKS (Internet Archive's '1865-1945' is an error). Colonial-era record includes pro-Japanese designations.,2026-08-16,VERIFIED,S-0050;S-0003;S-0005
P-0029,Ch'oe Nam-sŏn,Choi Nam-sun; pen name Yuktang (六堂),최남선,崔南善,,1890,YEAR,1957,YEAR,KOREAN (Korean Empire -> colonial Korea),MODERN,Enlightenment thinker; historian; publisher; magazine editor,None (wrote on Buddhism as national culture),T'aegŭk kwangmunhoe; Ch'ŏngch'un magazine,"(a) Met Tagore at his Imperial University lecture in Tokyo, 1916 (first documented Korean-intellectual contact with Tagore); (b) in Chosŏn Pulgyo (1930, written for the Korean delegation to the Hawai'i Pan-Pacific Buddhist Youth Conference) argued Buddhism reached Korea directly from India/Xiyu via a 'northern route', independent of the China route; coined the scheme: India's introductory Buddhism, China's sectional Buddhism, Korea's conclusive Buddhism",National enlightenment icon; Dangun/Bulham culture theory,DIRECT,NO,Studied in Japan (Tokyo); met Tagore there 1916; never visited India,INDIA_TO_KOREA,RELIGIOUS;INTELLECTUAL;CULTURAL,budreview.com profile (Kim Young-jin 2013) quoting the India/Xiyu direct-route claim; beopbo.com on Chosŏn Pulgyo (2004); EncyKorea '통불교사상',Cast Korea as the culmination (not periphery) of India-originated Buddhism in world civilizational history,HIGH,Beware the widespread 'Yuktang requested Song of the Defeated' myth - corrected by Hong Eun-taek (the request was made by Chin Hak-mun).,2026-08-16,VERIFIED,S-0023;S-0012;S-0047
P-0030,Rabindranath Tagore,Robindronath Thakur (Bengali); Korean: 타고르/타골/타아골,라빈드라나트 타고르,,রবীন্দ্রনাথ ঠাকুর,1861,YEAR,1941,YEAR,INDIAN (Bengal),MODERN,Poet; novelist; playwright; essayist; educator; first Asian Nobel laureate in Literature (1913),Brahmoism-influenced Hindu humanist universalism,Visva-Bharati (Santiniketan),India's national poet; the central Indian figure of Korea's literary imagination in the colonial era,"Signed a 6-line English message dated 1929-03-28 (Tokyo) later known as 'The Lamp of the East' (동방의 등불), delivered at Yokohama departure for the Korean people; published in Dong-a Ilbo Apr 1929, translated by Chu Yo-han; planned a Korea lecture in June 1929 (cancelled for health); sent 'The Song of the Defeated' to Chin Hak-mun in 1916 (published in Ch'ŏngch'un Nov 1917); met Ch'oe Nam-sŏn and Chin Hak-mun in Tokyo/Yokohama 1916",DIRECT,NO,Visited Japan five times (1916-1929) and China once (1924); never set foot in Korea despite two planned contacts; met Korean students in person in Tokyo/Yokohama 1916,INDIA_TO_KOREA,LITERARY;CULTURAL;POLITICAL,"Dong-a Ilbo archival record; Hong Eun-taek's studies (2012, 2014); Choi Seong-woo's rhetorical analysis (2022); Kim Ujo (2014) in 인도연구; 2011 bust at Daehak-ro (gift of the Indian government)",The single most important Indian figure in Korean cultural memory of this period; his 'lamp' message became a national symbol of hope,HIGH,"The famous 15-line 'poem' is a patchwork: Tagore's actual message was a 6-line English note (an apology for declining the lecture request), translated into 4 Korean lines by Chu Yo-han (Apr 1929); Gitanjali #35 was appended and 'Korea' inserted in a closing line Tagore never wrote (likely from 세계명시선 1977); circulated in 2002/2003 textbooks and inscribed under the 2011 bust. First poem actually sent to Koreans: 'The Song of the Defeated' (Fruit-Gathering no. 85, Jan 1916).",2026-08-16,VERIFIED,S-0120;S-0086;S-0116;S-0094;S-0092
P-0031,Chin Hak-mun,秦學文,진학문,秦學文,,,UNKNOWN,,UNKNOWN,KOREAN,MODERN,Student in Tokyo; translator,NULL,(Korean student community in Tokyo),Met Tagore twice at Yokohama during Tagore's 1916 Japan visit; requested and received 'The Song of the Defeated',"Translated and published the poem (under censorship-adjusted title 「쫓긴 이의 노래」) in Ch'ŏngch'un No. 11 (Nov 1917), believing it was composed 'especially for Korean youth' (actually a re-use of Fruit-Gathering no. 85)",DIRECT,NO,Korea -> Japan (Tokyo/Yokohama 1916); never India,INDIA_TO_KOREA,LITERARY;POLITICAL,kyosu.net (citing Cho Yong-man 1982); koreatimes 2019; dongne.donga.com D-story 32 (2009),The first Korean to receive and publish a Tagore poem,MEDIUM,NULL,2026-08-16,VERIFIED,S-0120;S-0116
P-0032,Kim Ŏk,Kim Uk; Kim Eok; pen name Anso (岸曙),김억,金億,,1896,APPROX,,UNKNOWN,KOREAN,MODERN,Poet; translator (pioneer of Korean modern poetry translation); magazine editor,NULL,"Pyongyang Imunkwan publisher (기탄자리, 1923)","Produced the first full Korean translation of Tagore's Gitanjali (『기탄자리』, Pyongyang: Imunkwan, March 1923), the landmark of Indian literature's arrival in Korea; his renderings later analysed for characteristic mistranslations (e.g., 'thou'->'king' devotional shift)",Founder-figure of Korean translation literature; introduced numerous world poets,MEDIATED,NO,No record of travel to India,INDIA_TO_KOREA,LITERARY;LINGUISTIC,KCI scholarship: Jung Younghyo on Gitanjali/Kim Ŏk translation errors; Choi Dong-ho citing the March 1923 Pyongyang edition (National Assembly Library KINX2012046620; DBPia NODE01778075),India's Nobel poet enters Korean literature formally through his translation,HIGH,"Translation fact verified (Choi Dong-ho, NAL/DBPia: March 1923, Pyongyang Imunkwan; Jeong Ji-yong Literary Museum says April 1923 - minor discrepancy; a RidiBooks catalog entry lists a 1926 Imunkwan printing, likely reprint). Born 1896 (en-wiki; some sources 1895); abducted to North Korea during the Korean War; last trace at Cholsan cooperative farm, North Pyongan (1958).",2026-08-16,VERIFIED,S-0096;S-0092;S-0169
P-0033,Jeong Ji-yong,鄭芝溶,정지용,鄭芝溶,,1902,YEAR,1950,YEAR,KOREAN,MODERN,Poet,NULL,Hwimun High School (as student),"Translated 9 poems from Gitanjali in the school magazine Hwimun 창간호 (January 1923) - the earliest independently documented Korean Tagore translation, predating Kim Ŏk's full book (March 1923); later wrote 'I was crazy about Tagore's poems from India'",Canonical modern Korean poet,MEDIATED,NO,No India travel,INDIA_TO_KOREA,LITERARY;LINGUISTIC,"KCI scholarship (Choi Dong-ho, ART001612260; National Assembly Library KINX2012046620 = same article); Jeong Ji-yong Literary Museum (Hwimun 창간호, Gitanjali poems 1-9)",Earliest documented Korean translator of Tagore,HIGH,Self-quote '나는 인도의 타고르 시에 미쳐 있었던 것이다' from his prose 「조택원 무용에 관한 것」 (per Choi Dong-ho's article).,2026-08-16,VERIFIED,S-0092;S-0130;S-0143
P-0034,Han Yong-un,Han Yong-woon; Buddhist name Manhae (萬海/卍海),한용운,韓龍雲,,1879,YEAR,1944,YEAR,KOREAN,MODERN,Buddhist monk-poet; independence activist,Buddhism (Seon; colonial-era reform),March 1st Movement signatory (33 national representatives),"Deeply engaged with Tagore: published the essay 「타골의 시를 읽고」('After Reading Tagore's Poem', 1926); KCI comparative studies document Gitanjali's influence on Nim-ŭi Ch'immuk (1926) alongside his critical distance - Han faulted Tagore's detachment from colonial resistance",National poet and independence icon; Nim-ŭi Ch'immuk is a canonical work,INDIRECT,NO,No India travel,INDIA_TO_KOREA,LITERARY;RELIGIOUS;POLITICAL,"KCI comparative Han/Tagore study (ART002442623); Kim Ujo, 'Tagore's Perception of Joseon and Its Reception in Joseon', 인도연구 19(1), 2014",Emblematic case of Korean creative absorption of Tagore's spiritual lyricism transformed into national resistance poetry,HIGH,Dates widely documented; not re-pulled in pilot.,2026-08-16,VERIFIED,S-0093;S-0099
P-0035,Yi Kwang-su,Lee Kwang-su; pen name Ch'unwŏn (春園),이광수,李光洙,,1892,YEAR,1950,DAY,KOREAN,MODERN,"Novelist (Mujŏng, 1917); poet; essayist; independence activist; later pro-Japanese turn",Converted seriously to Buddhism in the 1930s,Waseda Univ. (philosophy); Tong-a Ilbo (editor-in-chief twice),"Published a review of Tagore's The Gardener (『타고르의 『원정』에 대하여』, Dong-a Ilbo, 1925-01-20), reading Tagore's poetic essence as yearning (사모함/그리워함) toward all living beings - praised by Kim Yun-sik as 'a review showing sharp understanding of Tagore'","Father of the Korean modern novel; national-renovation theorist (Minjok kaejoron, 1922)",INDIRECT,NO,Lived in Japan and Shanghai; never India,INDIA_TO_KOREA,LITERARY;INTELLECTUAL,Dong-a Ilbo review text quoted in peer-reviewed scholarship; Kim Yong-jik book chapter 'R. 타고르와 춘원 이광수',Verifiable instance of a leading Korean intellectual publicly engaging Indian poetry in the 1920s,HIGH,No evidence of direct India contact or visit.,2026-08-16,VERIFIED,S-0040;S-0122;S-0103
P-0036,Chu Yo-han,Ju Yo-han,주요한,朱耀翰,,1900,YEAR,1979,YEAR,KOREAN,MODERN,Poet (one of the first three modern Korean poets); editor-in-chief of Dong-a Ilbo,NULL,Dong-a Ilbo,"As Dong-a Ilbo editor-in-chief, received Tagore's 6-line English message (1929) and rendered it into the now-famous 4 Korean lines '일즉이 아세아의 황금 시기에…' published in Dong-a Ilbo (April 2 or 3, 1929; sources conflict); his anthology Saebyŏk I records the transmission chain (Dong-a -> Yi Tae-ro -> Ch'oe Sŭng-man -> Nash -> Chandra Bose -> Tagore)",Pioneer of Korean modern poetry; major newspaperman,MEDIATED,NO,NULL (no India travel recorded),INDIA_TO_KOREA,LITERARY;LINGUISTIC,kyosu.net (2012) reproducing his Saebyŏk I account; koreatimes (2019) confirming the 6-lines-to-4 translation,His 4-line translation became Korea's most beloved national consolation text,HIGH,Biographical dates commonly cited (1900-1979); not independently re-verified in pilot.,2026-08-16,VERIFIED,S-0120;S-0116;S-0031
P-0037,Ham Sok-hon,함석헌,함석헌,咸錫憲,,1901,YEAR,1989,YEAR,KOREAN,CONTEMPORARY,Quaker thinker; historian; educator; independence activist ('the Korean Gandhi'),Quaker (Protestant); engaged Buddhism and Confucianism,(independent scholar; later Ssangseong movement),Studied and taught Gandhi's nonviolence philosophy from the colonial era onward; called '한국의 간디' (Korea's Gandhi); his thought mediated Gandhi's ideas into the Korean independence and democracy movements,Major Korean civil-society thinker; influenced the 4.19 and democracy movements,MEDIATED,NO,No India travel documented,INDIA_TO_KOREA,POLITICAL;INTELLECTUAL;RELIGIOUS,mkgandhi.org article on Ham Sok-hon as 'the Korean Gandhi'; Indian Express (2021) on Gandhi's influence on Korea's freedom struggle; Korean scholarship (Pak Hong-kyu's books),Principal bridge for Gandhi's ideas into Korea,MEDIUM,Core activity spans colonial and post-1945 periods; pre-1945 documentary evidence of Gandhi reception needs primary-source verification.,2026-08-16,VERIFIED,S-0125;S-0081
P-0038,Mohandas Karamchand Gandhi,Mahatma Gandhi; Gandhiji,,,मोहनदास करमचंद गांधी,1869,DAY,1948,DAY,INDIAN,MODERN,Lawyer; political and spiritual leader of the Indian independence movement,Hindu (Vaishnava with Jain influences); secularist in politics,Indian National Congress,Central figure of the Indian independence movement,"MEDIATED influence: Korean press under Japanese rule reported his Non-Cooperation Movement, influencing Korea's own independence movement; Korean thinker-activist Ham Sok-hon (1901-1989), 'the Korean Gandhi', was directly influenced by his philosophy; later influence on Korean democracy movements",INDIRECT,NO,Never visited Korea (died 1948),INDIA_TO_KOREA,POLITICAL;INTELLECTUAL,Indian Express (15 Aug 2021) on Gandhi's influence on Korea's freedom struggle; mkgandhi.org on Ham Sok-hon,His nonviolence doctrine became a model for Korea's independence and later democracy movements,MEDIUM,"Include only as an influence figure - no documented direct Gandhi-Korea writing, visit, or contact found.",2026-08-16,VERIFIED,S-0081;S-0125
P-0039,Jawaharlal Nehru,Pandit Nehru,,,जवाहरलाल नेहरू,1889,DAY,1964,DAY,INDIAN,CONTEMPORARY,Prime Minister of India (1947-1964); statesman; architect of India's Korea policy,Agnostic (self-described); secularist,Government of India; Indian National Congress,Prime Minister of India 1947-1964,"With V.K. Krishna Menon, sponsored the UN resolution on Korean POW settlement; India chaired the resulting Neutral Nations Repatriation Commission (NNRC); proposal initially rejected by China/DPRK on 3 Dec 1952; Nehru Archive preserves Korea cables (4 Mar & 25 May 1953)",INDIRECT,NO,Korea absent from his official list of 35 international trips (43 countries); no record of any Korea visit,INDIA_TO_KOREA,DIPLOMATIC;POLITICAL;MILITARY,UN adopted the Indian resolution; NNRC created with Indian chairman (Thimayya) and Indian Custodian Force; Nehru Archive cables,India's mediation was pivotal to the POW-repatriation settlement ending the Korean War's humanitarian crisis,HIGH,Korea policy role fully documented; non-visit inferred from absence in official trip list.,2026-08-16,VERIFIED,S-0134;S-0141;S-0173
P-0040,Vengalil Krishnan Krishna Menon,V.K. Krishna Menon; Krishna Menon,,,,1896,DAY,1974,DAY,INDIAN,CONTEMPORARY,Diplomat; barrister; India's chief delegate to UN during Korean armistice debates; Minister of Defence,Agnostic,Government of India; United Nations,India's permanent representative to the UN; Defence Minister,Led India's UNGA campaign for POW settlement; UNGA Korea debate ended 7 March 1953 with India's resolution rejected by Communist powers; Churchill welcomed revised proposals aligned with the Indian Resolution (25 May 1953 cable),INDIRECT,UNCERTAIN,"No evidence of travel to Korea; operated from UN, New York",INDIA_TO_KOREA,DIPLOMATIC;POLITICAL,Nehru Archive cables (4 Mar 1953; 25 May 1953); UNGA 1953 debate record,Principal Indian negotiator behind the UN's Korean armistice/POW diplomacy of 1952-53,HIGH,Travel to Korea unverified and unlikely; role fully verified.,2026-08-16,VERIFIED,S-0131;S-0132;S-0184;S-0133
P-0041,Kavalam Madhava Panikkar,K.M. Panikkar; Sardar K.M. Panikkar,,,,1895,DAY,1963,DAY,INDIAN,CONTEMPORARY,Historian; diplomat; India's first ambassador to the People's Republic of China (1950-52); later ambassador to Egypt and France,NULL,Government of India (IFS); UN,India's ambassador to China during the Korean War,Acted as the communication bridge between Beijing and the West during the Korean War; relayed Zhou Enlai's 3 Oct 1950 warning (China would enter Korea if UN forces crossed the 38th parallel) to the US,INDIRECT,NO,Korea visit unverified; role exercised from Beijing embassy,INDIA_TO_KOREA,DIPLOMATIC;POLITICAL,"DVIDS/US Army Intelligence history (Panikkar as go-between, 25 Sep & 3 Oct 1950); MP-IDSA commentary (2025); Nehru Archive cables (19 Aug, 22 Dec 1950)",His channel helped the West read China's intervention intent in the Korean War,HIGH,No evidence he ever set foot in Korea.,2026-08-16,VERIFIED,S-0034;S-0079;S-0176;S-0135
P-0042,Kumara Padmanabha Sivasankara Menon,K.P.S. Menon; K.P.S. Menon (senior),,,,1898,DAY,1982,DAY,INDIAN,CONTEMPORARY,"ICS officer; diplomat; India's first Foreign Secretary (1948-52); ambassador to USSR (1952-61); Chairman, UN Temporary Commission on Korea (UNTCOK, 1947-48)",NULL,Government of India; United Nations,First Foreign Secretary of independent India,UN-appointed Chairman of UNTCOK (1947-48); supervised the first general elections in South Korea that led to the founding of the Republic of Korea (15 Aug 1948),DIRECT,YES,In Korea as UNTCOK chairman 1947-48; NYT (6 Mar 1948): returned to Seoul for commission sessions; statements at the UN Interim Committee on Korea (19 Feb 1948),INDIA_TO_KOREA,DIPLOMATIC;POLITICAL,Embassy of India Seoul history page; UN Digital Library statement record; NYT 1948; MG University bio,Headed the UN body whose elections established the Republic of Korea,HIGH,"Chaired UNTCOK (1947-48), not the later UNCOK (1948-50); Wikipedia's 'UNCOK 1948' phrasing is imprecise.",2026-08-16,VERIFIED,S-0139;S-0162;S-0035;S-0124
P-0043,Kodandera Subayya Thimayya,K.S. Thimayya; General K.S. Thimayya,,,,1906,DAY,1965,DAY,INDIAN,CONTEMPORARY,"Indian Army officer; Chairman, Neutral Nations Repatriation Commission (NNRC) 1953-54; later Chief of the Army Staff (1957-61)",NULL,Indian Army; NNRC (UN),Career Indian Army officer; COAS 1957-61,"NNRC Chairman; arrived Korea 27 July 1953 (armistice day); led India's neutral supervision of POW repatriation with Sweden, Switzerland, Poland, Czechoslovakia; memorialized with a bust at Imjingak Peace Park (unveiled 2026)",DIRECT,YES,Stationed in Korea 1953-54 as NNRC Chairman,INDIA_TO_KOREA,MILITARY;DIPLOMATIC;HUMANITARIAN,Korean Medals NNRC history; Korea Herald memorial coverage; Embassy of India Seoul page,Chaired the commission that resolved the Korean War's POW impasse - India's most visible 20th-century peacekeeping role,HIGH,Alternate NNRC Chairman was Indian ambassador B.N. Chakravarty.,2026-08-16,VERIFIED,S-0114;S-0111;S-0035;S-0180
P-0044,S. P. P. Thorat,Shankarrao Pandurang Patil Thorat; Lt. Gen. S.P.P. Thorat,,,,1906,DAY,1992,DAY,INDIAN,CONTEMPORARY,"Indian Army officer (Lieutenant General); Commander, Custodian Force of India (ICF) in Korea; later GOC-in-C Eastern Command",NULL,Indian Army; NNRC (ICF),Senior Indian Army officer,"Commanded the Custodian Force (India) in Korea 1953-54; supervised neutral custody and repatriation of 22,000+ POWs; decorated with Kirti Chakra and Padma Shri",DIRECT,YES,Served in Korea 1953-54 commanding ICF operations under the NNRC,INDIA_TO_KOREA,MILITARY;DIPLOMATIC;HUMANITARIAN,"Official history 'History of the Custodian Force (India) in Korea, 1953-54' (published); Korean Medals ICF records; Nehru Archive profile; en-wiki",Led India's largest overseas military deployment before the 1960s (Congo); the ICF mission is India's first foreign peacekeeping operation,HIGH,"Full name Shankarrao Pandurang Patil Thorat confirmed (Nehru Archive profile; en-wiki); b. 12 Aug 1906, d. 10 Aug 1992; GOC-in-C Eastern Command in the lead-up to the 1962 Sino-Indian War (not Southern Command).",2026-08-16,VERIFIED,S-0055;S-0113;S-0136;S-0178
P-0045,B. N. Chakravarty,B.N. Chakravarty,,,,,UNKNOWN,,UNKNOWN,INDIAN,CONTEMPORARY,Indian ambassador; Alternate Chairman of the NNRC (1953-54),NULL,Government of India; NNRC,Indian diplomat,Served in Korea as Alternate Chairman of the NNRC during the POW repatriation operation 1953-54,DIRECT,YES,In Korea 1953-54 with the NNRC,INDIA_TO_KOREA,DIPLOMATIC;MILITARY,Korean Medals NNRC history; Embassy of India Seoul page (via Thimayya entry),Senior Indian diplomat on the NNRC during the Korean War settlement,MEDIUM,Biographical details sparse in accessible sources; verify against NNRC official records. Possible identification with Binay Ranjan Sen is NOT confirmed - do not conflate.,2026-08-16,PARTIAL,S-0114;S-0035
P-0046,A. G. Rangaraj,Lt. Col. A.G. Rangaraj,,,,,UNKNOWN,,UNKNOWN,INDIAN,CONTEMPORARY,Indian Army officer (Lieutenant Colonel); commanded the 60th Indian Parachute Field Ambulance,NULL,Indian Army; 60th Indian Parachute Field Ambulance (UN),Indian Army officer; India's first military paratrooper,Commanded the 60th Indian Parachute Field Ambulance which arrived at Busan 20 Nov 1950 under the UN flag; unit served in the Korean War medical mission; honored at the Imjingak memorial,DIRECT,YES,"Arrived Busan, Korea 20 Nov 1950; unit served in Korea during the war",INDIA_TO_KOREA,MILITARY;HUMANITARIAN,Korean Medals 60th Indian Parachute Field Ambulance page; Imjingak memorial,"Led India's first military unit in Korea (medical mission, 1950)",MEDIUM,Unit-level records verified; personal biographical details sparse.,2026-08-16,PARTIAL,S-0112
P-0047,Syed Muzaffar Aga,Muzaffar Aga,,,,1919,APPROX,2026,YEAR,INDIAN,CONTEMPORARY,Civil servant; diplomat; India's FIRST ambassador to the Republic of Korea (Dec 1974 - Oct 1977),NULL,"Government of India (IFS); Embassy of India, Seoul","Former Jammu & Kashmir IAS officer (first Transport Commissioner, Financial Commissioner); later Chief Secretary of J&K (1978-80)",First Indian ambassador to the Republic of Korea after diplomatic relations were established (1973); served in Seoul Dec 1974 - Oct 1977,DIRECT,YES,"Served in Seoul, Korea 1974-1977",INDIA_TO_KOREA,DIPLOMATIC;POLITICAL,Kashmir Life obituary (2026); Wikipedia list of Indian ambassadors to South Korea,Founding figure of India's resident diplomatic presence in South Korea,MEDIUM,"Died July 2026 at age 108 per Kashmir Life obituary (which gives Seoul tenure 1975-78); Wikipedia ambassador list records Dec 1974 - Oct 1977 - minor discrepancy, dates unadjudicated.",2026-08-16,VERIFIED,S-0089;S-0167
P-0048,Park Chan-hyun,박찬현,박찬현,,,,UNKNOWN,,UNKNOWN,KOREAN (South Korea),CONTEMPORARY,Diplomat; politician; FIRST ROK ambassador to India (Feb 1974 - June 1976),NULL,"Ministry of Foreign Affairs (ROK); Embassy of the Republic of Korea, New Delhi",First South Korean ambassador to India; embassy upgraded from the 1962 New Delhi consulate after the 10 Dec 1973 recognition of the Republic of Korea,Later served as National Assembly member,DIRECT,YES,"Served in New Delhi, India 1974-1976",KOREA_TO_INDIA,DIPLOMATIC;POLITICAL,NamuWiki entry on Park Chan-hyun; ROK embassy history page,Founding figure of South Korea's resident diplomatic presence in India,MEDIUM,Korean-language source (NamuWiki); corroborate with MOFA records in next phase.,2026-08-16,VERIFIED,S-0129;S-0128
P-0049,Kim Woo-choong,Kim Woo-Choong; Gim Ujung; Kim Woo-jung,김우중,金宇中,,1936,DAY,2019,DAY,KOREAN (South Korea),CONTEMPORARY,Businessman; founder and chairman of the Daewoo Group until its 1999 collapse,NULL,Daewoo Group; DCM-Daewoo joint venture,"Led Daewoo's entry into India via the DCM-Daewoo joint venture; in New Delhi on 7 June 1994 at the launch of the Racer with DCM Chairman S.G. Awasthi; Daewoo Cielo assembly (India JV 1995, initial capacity 50,000 units/yr)","Chairman of Korea's second-largest chaebol; global expansion into India, Uzbekistan, Poland, Vietnam",DIRECT,YES,"Physically present in New Delhi, 7 June 1994, for the DCM-Daewoo Racer launch",KOREA_TO_INDIA,ECONOMIC,Times of India photo archive (June 1994); Daewoo Motors India operations; automotive press coverage,First major Korean auto investment in India post-liberalization; helped open the Indian market to Korean chaebols,HIGH,Personal travel verified via the TOI photo archive; company-level India operations corroborated by Daewoo Motors history.,2026-08-16,VERIFIED,S-0157;S-0170;S-0016
P-0050,Lee Kun-hee,Lee Kun-Hee,이건희,李健熙,,1942,DAY,2020,DAY,KOREAN (South Korea),CONTEMPORARY,"Businessman; chairman of Samsung Group and Samsung Electronics (1987-2008, 2010-2020)",NULL,Samsung Group,"Under his leadership Samsung entered India: Samsung India Electronics Pvt. Ltd. incorporated 3 August 1995 (MCA CIN U31900DL1995PTC071387), operations from December 1995 - the seed of today's Noida mega-factory",Chairman of Korea's largest chaebol; 'New Management' globalization drive 1993 onward included India,INDIRECT,UNCERTAIN,NULL - company presence verified; personal travel unverified,KOREA_TO_INDIA,ECONOMIC,MCA incorporation record (3 Aug 1995); Samsung's own history (operations began Dec 1995); subsequent world's-largest mobile plant at Noida,His globalization strategy established Samsung's India manufacturing base - among the largest Korean investments in India,MEDIUM,Corporate India connection VERIFIED; personal visit UNVERIFIED (physically_traveled = UNCERTAIN).,2026-08-16,PARTIAL,S-0027;S-0017;S-0172
P-0051,Ko Un,"Go Eun; 高銀; birth name Ko Un-tae (고은태, 高銀泰)",고은,高銀,,1933,DAY,,UNKNOWN,KOREAN (South Korea),CONTEMPORARY,Poet,Buddhism (ordained monk 1952-1962),NULL,"Travelled in India in the 1990s (Poetry Foundation bio); 1992 India visit (Authors Calendar); Feb 2019 New Delhi - Raza Biennale of Indian Poetry and talk at JNU (Korea Herald); guest of honor at 14th Kritya International Poetry Festival, read at its inauguration (online, 4-13 Jul 2021); novel Little Pilgrim (1992) set in India",One of Korea's most celebrated living poets; official site koun.co.kr,DIRECT,YES,"1990s India travels (1992 visit); Feb 2019 New Delhi (Raza Biennale; JNU talk); India themes surface in his poetry (Little Pilgrim, 1992); guest of honor at 14th Kritya International Poetry Festival (online, Jul 2021)",BIDIRECTIONAL,LITERARY;ACADEMIC,Korea Herald 2023-01-13 exclusive on Ko Un's India/international career (Kritya 2021 guest of honor; New Delhi 2019; Mexico City 2018); Poetry Foundation bio; Authors Calendar (1992 visit),Korea's most translated contemporary poet; major cultural bridge between Korea and South Asia,HIGH,"Born 1 Aug 1933, Gunsan (ko-wiki; naver blog); birth name 고은태 (高銀泰) - earlier 'Yi Seon-il' variant dropped as unsupported. No India-specific travelogue/collection title identified despite searching (unresolved gap, not a contradiction).",2026-08-16,VERIFIED,S-0148;S-0110;S-0117;S-0106;S-0008
P-0052,Pŏpchŏng,Beopjeong; Beopjeong Sunim; 法頂; birth name Park Jae-cheol,법정,法頂,,1932,YEAR,2010,YEAR,KOREAN (South Korea),CONTEMPORARY,Buddhist monk; essayist (author of 무소유 / 'Nothing to Possess'),Buddhism (Korean Seon; Songgwangsa lineage),Songgwangsa lineage,Travelled to India in 1971; met Vinoba Bhave (Gandhian land-gift/ahimsa leader); Mahatma Gandhi's words quoted at the opening of his best-known essay collection 무소유,One of the most beloved Korean Buddhist essayists of the 20th century,DIRECT,YES,1971 India trip - visited Vinoba Bhave's ashram; the encounter with Gandhian renunciation philosophy shaped his simplicity/renunciation teachings,INDIA_TO_KOREA,RELIGIOUS;LITERARY;INTELLECTUAL,Bulkwang article (2024) on his India trip and Vinoba Bhave meeting; Gandhi quote opening 무소유,Brought Gandhian renunciation-ethics into mainstream Korean Buddhist thought; 무소유 became a cultural phenomenon,HIGH,Article also ties him to India's Buddhist sites (Sarnath/Bodh Gaya) pilgrimage culture.,2026-08-16,VERIFIED,S-0025;S-0015
P-0053,Lokesh Chandra,Lokesh Chandra (son of Sanskritist Raghu Vira),,,लोकेश चंद्र,1927,YEAR,,UNKNOWN,INDIAN,CONTEMPORARY,Indologist; Sanskritist; Vedic/Buddhist studies scholar; former Member of Parliament (Rajya Sabha),Buddhist-heritage scholarship (Buddhism specialist),International Academy of Indian Culture (Director),India's foremost living Indologist; leading scholar of Buddhist Sanskrit and Korea's Buddhist heritage,"(1) Author of 'Morning Calm and The Pensive Beyond - Cultural Interflow Between India and Korea' (Aditya Prakashan, 2019); (2) Chapter 'Buddhism as the creative vision of Korea' in Cultural Horizons of India Vol. 2 (1990); (3) Ribbon-cutting at the Lotus Sutra exhibition in Seoul, Sept 2016, with Lee Soo-sung (former PM of Korea) and Chae Young Kim",DIRECT,YES,Visited Seoul Sept 2016 for the Lotus Sutra exhibition; decades of scholarship on Korea-India Buddhist cultural interflow,INDIA_TO_KOREA,ACADEMIC;CULTURAL;RELIGIOUS,2019 monograph dedicated to India-Korea cultural interflow; Korean-themed chapter since 1990; participation in Seoul exhibition 2016,Principal Indian scholar connecting India's Buddhist heritage with Korean Buddhist culture in the modern era,HIGH,"Korea connection anchored on three independent sources (book, collected-works chapter, event report).",2026-08-16,VERIFIED,S-0004;S-0183;S-0159;S-0067
P-0054,Jung Seung-suk,Jeong Seung-seok; Chung Seung-suk,정승석,,,,UNKNOWN,,UNKNOWN,KOREAN (South Korea),CONTEMPORARY,Scholar of Indian philosophy (academic; Buddhist/Indian philosophy writing),NULL,"Dongguk University (MA 1980, PhD 1991 - Indian philosophy)",Career scholar of Indian philosophy; all degrees from Dongguk University (NOT India-trained),"Contributes to Korean-language scholarship/publishing on Indian philosophy (Buddhist review, Beopbo, Kyobo author pages)",INDIRECT,UNCERTAIN,NULL - no documented India residence,INDIA_TO_KOREA,ACADEMIC;INTELLECTUAL,Author profile and works on Indian philosophy (Kyobo); Buddhist-press articles,Representative Korean academic of Indian philosophy in the domestic tradition,HIGH,"His MA/PhD are from Dongguk, not Delhi University - an India-trained status could NOT be documented; do not claim otherwise.",2026-08-16,VERIFIED,S-0024;S-0118
P-0055,U Myeong-ju,Woo Myung-ju; U Myung-ju,우명주,,,,UNKNOWN,,UNKNOWN,KOREAN (South Korea),CONTEMPORARY,Buddhist-studies researcher; former journalist (한겨레21 India correspondent); former Korean lecturer at University of Delhi,Buddhism (lay scholar),Dongguk University Gyeongju (Buddhist studies researcher),MA (c. 2001) and PhD in Buddhist Studies at University of Delhi; resided in Delhi; taught Korean at Delhi University; wrote '세계의 불교대학2: 인도 델리대학' (2019-03-19),Returned to Korea; researcher at Dongguk University Gyeongju,DIRECT,YES,Lived and studied in Delhi for her MA/PhD (c. 2001 onward); later worked as India correspondent and as Korean language lecturer at Delhi University,BIDIRECTIONAL,ACADEMIC;LINGUISTIC;JOURNALISM,Her published first-hand article on Delhi University's Buddhist studies program (2019),Documented the Delhi University-Korean Buddhist connection for Korean readers; bridge figure,HIGH,"Lay scholar - placed in scholars category, NOT monastic.",2026-08-16,VERIFIED,S-0054
P-0056,Lee Jeong-ho,Lee Jung-ho; Yi Jeong-ho,이정호,,,,UNKNOWN,,UNKNOWN,KOREAN (South Korea),CONTEMPORARY,"Professor of Hindi, Hankuk University of Foreign Studies (HUFS); translator (Hindi->Korean)",NULL,HUFS (Hindi department),"Studied at Central Institute of Hindi; MA in Hindi Literature (JNU); PhD (Meerut University); author of 힌디-한국어사전 (Hindi-Korean Dictionary), 힌디문법, 아힌사, 베다 읽기, 마하트마 간디 평전, 인도와 한국의 단편문학 비교 연구; translated Tamas (Bhisham Sahni) into Korean; Hindi Sevi Samman (2009) from Indian President Pratibha Patil",Korea's senior Hindi studies professor and India-literature translator,DIRECT,YES,"Studied in India over years (Central Institute of Hindi, JNU, Meerut)",BIDIRECTIONAL,ACADEMIC;LINGUISTIC;LITERARY,"Hindi-Korean dictionary, Gandhi biography in Korean, Tamas translation, Presidential award",Principal architect of Korean-language Hindi studies and Hindi<->Korean literary translation,HIGH,Qualifies for both scholars and translators categories.,2026-08-16,VERIFIED,S-0119
P-0057,Pankaj Mohan,पंकज मोहन,,,पंकज मोहन,,UNKNOWN,,UNKNOWN,INDIAN,CONTEMPORARY,"Professor of Korean Studies, Academy of Korean Studies (한국학중앙연구원, AKS)",NULL,"Academy of Korean Studies (Seongnam, Korea); formerly Tezpur University (India)",Indian scholar of Korea; delivered India-Korea relations lecture at Tezpur University,Long-term professor at AKS teaching Korean studies in Korea; scholarly works on India-Korea cultural relations,DIRECT,YES,"Indian academic resident in Korea (AKS, Seongnam) for his career; earlier India-based at Tezpur",BIDIRECTIONAL,ACADEMIC;INTELLECTUAL,AKS professorship; Tezpur University lecture document; CEFIA Korea wiki entry,One of India's senior Korean-studies scholars based in Korea,HIGH,NULL,2026-08-16,VERIFIED,S-0002;S-0155
P-0058,Neerja Samajdar,Neerja Singh (JNU profile URL),,,,,UNKNOWN,,UNKNOWN,INDIAN,CONTEMPORARY,"Associate Professor, Korean Language, Centre for Korean Studies (CKS), JNU",NULL,"Jawaharlal Nehru University (JNU), New Delhi",Indian professor teaching Korean language at JNU,PhD in Korean Language Education from Seoul National University - first Indian to obtain it; Korean Government Scholarship recipient (2002),DIRECT,YES,"Studied in Seoul (SNU PhD, Korean Govt. Scholarship 2002)",KOREA_TO_INDIA,ACADEMIC;LINGUISTIC,JNU CKS faculty profile documenting SNU PhD,Pioneer of Korean-language pedagogy in India,HIGH,NULL,2026-08-16,VERIFIED,S-0083
P-0059,Kaushal Kumar,,,,,,UNKNOWN,,UNKNOWN,INDIAN,CONTEMPORARY,"Associate Professor, Centre for Korean Studies, JNU",NULL,"JNU, New Delhi",Indian scholar of Korean studies at JNU,Korea Foundation fellow; AKS (한국학중앙연구원) predoctoral fellow; co-editor of 'Emerging Trends in Korean Studies in India' (2019; 2nd ed. 2024),DIRECT,YES,Korea Foundation and AKS fellowships brought him to Korea,KOREA_TO_INDIA,ACADEMIC,Fellowship record and edited volume in JNU profile,Leading younger-generation Indian Korean-studies scholar,HIGH,NULL,2026-08-16,VERIFIED,S-0082
P-0060,Ravikesh,,,,,,UNKNOWN,,UNKNOWN,INDIAN,CONTEMPORARY,"Professor, Centre for Korean Studies, JNU",NULL,"JNU, New Delhi",Indian scholar of Korean studies at JNU,"Editor of 'Korean Studies in India & South Asia Vol-III' (Manak Publications, 2016); co-editor of '인도에서 한국어교육과 한국문화' (2018, with Kim Do-young)",DIRECT,UNCERTAIN,"NULL - profile sparse; likely Korea visits for co-editing work, not documented",BIDIRECTIONAL,ACADEMIC,Edited volumes with Korean co-editor,Contributed to institutionalizing Korean studies in India,MEDIUM,"JNU profile is sparse; identity and publications verified, travel details unknown.",2026-08-16,VERIFIED,S-0084
P-0061,Vyjayanti Raghavan,,,,,,UNKNOWN,,UNKNOWN,INDIAN,CONTEMPORARY,"Professor of Korean Language and Culture; Ex-Chairperson, Centre for Korean Studies, JNU; ICS faculty",NULL,"JNU, New Delhi (until 2022); Institute of Chinese Studies (ICS)",Indian scholar who built the Korean language program at JNU since 2000,"MA in Korean History, Seoul National University; PhD, JNU (Disarmament Studies); recognized by Korean PM Hwang Gyo-ahn (2015) for contributions to Hangeul development; co-author/editor of 'India and Korea Through the Ages: Historical, Religious and Cultural'; author of 'Colonisation: A Comparative Study of India and Korea'",DIRECT,YES,Studied at Seoul National University (MA Korean History); multiple Korea engagements (PM recognition 2015),BIDIRECTIONAL,ACADEMIC;LINGUISTIC;CULTURAL,PM-level recognition for Hangeul promotion in India; extensive publications list,The founding figure of Korean-language education at JNU (2000-2022) and most prominent Indian woman in Korean studies,HIGH,NULL,2026-08-16,VERIFIED,S-0163;S-0078
P-0062,Buddhavara (Ven.),붓다빠라 스님; Phra Buddhavara,붓다빠라,,,,UNKNOWN,,UNKNOWN,KOREAN (South Korea; resident in India),CONTEMPORARY,"Buddhist monk; abbot of Bunhwangsa Temple India (분황사, Bodh Gaya); Chancellor of Bodh Gaya International College of Buddhist Studies; principal of Bodh Gaya International Meditation School; abbot at Sati Aramma (Kimhae)",Buddhism (Korean Jogye Order; Theravada-oriented early-Buddhist meditation),Bunhwangsa India; Bodh Gaya International College of Buddhist Studies,"Resident in Bodh Gaya leading Korean-led meditation training; signed academic-exchange MOU with University of Delhi (2026-04-23); honored in Korea as '인도 분황사 주지' (Beopbo, 2026-07-08)",Foundational figure of Korean Buddhist institutions at Bodh Gaya; lecture circuits in Korea,DIRECT,YES,Lives between Korea and India (Kimhae Sati Aramma <-> Bodh Gaya); long-term presence at Bodh Gaya,KOREA_TO_INDIA,RELIGIOUS;ACADEMIC;CULTURAL,Delhi University MOU; multiple Korean Buddhist-press reports,Builder of the Korean Buddhist institutional bridgehead at Bodh Gaya,MEDIUM,His own personal university study in India is NOT documented in cited sources; category is satisfied via long-term Indian residence and institutional leadership.,2026-08-16,VERIFIED,S-0018
P-0063,Hyoseok (Ven.),효석 스님,효석,,,1970,DECADE,,UNKNOWN,KOREAN (South Korea),CONTEMPORARY,Bhikkhuni (nun); professor at Bongnyeongsa monastic college; attendant to preceptor Ven. Bongak,Buddhism (Jogye Order bhikkhuni),Bongnyeongsa; Seoul Beopryongsa bhikkhuni hall,"Studied cultural anthropology in India - MA from Pune University (뿌나대학), PhD from Delhi University (델리대학); studied yoga in India (certificate)","Returned to Korea, teaches at Bongnyeongsa monastic college",DIRECT,YES,Full graduate study in India (Pune MA -> Delhi PhD) before ordination; returned with yoga credentials,INDIA_TO_KOREA,ACADEMIC;RELIGIOUS;CULTURAL,Published profile essay documenting both degrees and India residence,One of the few documented Korean nuns with Indian university doctorates,HIGH,Article is a profile essay (Hyunbul News '모정불심' series) - single-source but detailed and first-person.,2026-08-16,VERIFIED,S-0063
P-0064,Wookwan (Ven.),Wookwan Sunim; 우관스님,우관,,,,UNKNOWN,,UNKNOWN,KOREAN (South Korea),CONTEMPORARY,Bhikkhuni; founder/director of Mahayeon Temple Food Culture Center (Icheon); 2022 Jogye Order Temple-Food Master; inaugural director of Bongwonsa Temple-Food Culture Research Institute,Buddhism (Jogye Order bhikkhuni; trained at Bongnyeongsa),Mahayeon Temple Food Culture Center; Bongwonsa,"Studied at University of Delhi - MA in Buddhist Studies and PhD coursework (박사 수료), 5+ years in India; gave monthly Korean-language dharma talks for the Korean community in Delhi; volunteered at Sujata School, Bodh Gaya","Korea's leading temple-food authority; international ambassador of Korean temple cuisine (New York/London Korean Cultural Centers, 2017-2019); author of 'Wookwan's Korean Temple Food' (2019, IBPA Benjamin Franklin Award silver)",DIRECT,YES,Entered Delhi University to remain in India legally; 5+ years of study + dharma teaching + Bodh Gaya volunteering; returned via Myanmar/Thailand pilgrimage,BIDIRECTIONAL,ACADEMIC;RELIGIOUS;CULTURAL;LINGUISTIC,Jogye master designation 2022; Benjamin Franklin Award; Delhi University record,The only bhikkhuni temple-food master in the Jogye Order; India-trained international communicator,HIGH,Two sources diverge slightly on PhD completion (2010: '석·박사 모두 마침' vs 2022: '박사 수료') - newer source used as primary; discrepancy noted.,2026-08-16,VERIFIED,S-0076;S-0026
P-0065,Gakseong (Ven.),각성 스님; Gakseong Sunim,각성,,,1971,DECADE,2020,DAY,KOREAN (South Korea),CONTEMPORARY,"Buddhist monk; abbot of Guryongsa (Seoul, 2010-2020); 17th Jogye Central Assembly member (2018-2020)",Buddhism (Jogye Order),Guryongsa; Tongdosa lineage,"Went to India in 1992 to study - University of Delhi, religious studies, 6 years; alone toured ~4,500 km of Buddhist pilgrimage sites in India",Returned to Tongdosa monastic college; abbot of Guryongsa; social welfare leadership,DIRECT,YES,"1992-1998 Delhi University study (6 years) plus 4,500 km solo pilgrimage across India's Buddhist sites",INDIA_TO_KOREA,ACADEMIC;RELIGIOUS,BTN obituary/report; BBS obituary report,Documented modern example of a Jogye monk with long India university study,HIGH,Deceased 28 Sep 2020; two independent Buddhist-press obituaries corroborate.,2026-08-16,VERIFIED,S-0019;S-0009
P-0066,Divik Ramesh,,,,,,UNKNOWN,,UNKNOWN,INDIAN (Hindi-speaking),CONTEMPORARY,Hindi poet and translator,NULL,Sahitya Akademi (project participant); Kaavyaalaya (poetry community),Indian poet-translator of Korean poetry into Hindi,"(1) 'The day breaks O! India' - Korean poetess Choyi Kim Yang-Shik, original Korean + Hindi translation by Divik Ramesh, English by Jin Sup Kim (HathiTrust record); (2) Sahitya Akademi's 'Korean Poetry - Journey' (कोरियाई कविता-यात्रा); (3) 'Korea Bal Kavitha' (Korean children's poetry, 2017)",MEDIATED,UNCERTAIN,NULL - translation-based mediation; travel not documented,KOREA_TO_INDIA,LITERARY;LINGUISTIC,Library catalogs and publisher listings of his Korean poetry translations,Key figure bringing Korean poetry to Hindi readers via Sahitya Akademi,HIGH,NULL,2026-08-16,VERIFIED,S-0060;S-0088
P-0067,Dileep Jhaveri,,,,,,UNKNOWN,,UNKNOWN,INDIAN (Gujarat),CONTEMPORARY,Indian (Gujarati) poet and translator,NULL,NULL,Indian poet active in international poetry exchange,Attended an international writers/poets gathering in Korea (1986); his poetry has been translated into Korean,DIRECT,YES,Traveled to Korea for poetry events (1986 documented); poetry circulated in Korean translation,BIDIRECTIONAL,LITERARY;CULTURAL,ATUNIS profile documenting Korea conference participation and Korean translations of his work,Part of the 1980s India-Korea poets' exchange circuit,MEDIUM,His own translating of Korean works is NOT documented - hence 'other mediators' category; single-source profile.,2026-08-16,VERIFIED,S-0007
P-0068,Sŏ Chŏng-ju,Seo Jeong-ju; pen name Midang (未堂),서정주,徐廷柱,,1915,DAY,2000,DAY,KOREAN (colonial Korea -> South Korea),CONTEMPORARY,Poet; educator (Dongguk/Kyonggi university professor),Buddhism (studied at Gaewunsa; Dongguk Buddhist college),Dongguk University (professor),Met Indian poet Sitanshu Yashaschandra at Dongguk University (visit date unstated; article reposted 2010-08-11): the two discussed the mainstream and current state of Indian poetry and Korean-Indian literary exchange; Yashaschandra praised Sŏ's poem Hwasa (화사) for its compassion (자비심); they proposed mutual poetry translation and a '자비회' (Compassion Society) literary body,"One of Korea's most influential 20th-century poets (Hwasajip, Guksoto, Jilmajae Sinhwa); professor and Dean of the College of Liberal Arts (문리대학장) at Dongguk University; president of the Korean Writers Association (한국문인협회)",DIRECT,NO,India -> Korea: Yashaschandra visited Dongguk University and met Sŏ Chŏng-ju (year unstated),INDIA_TO_KOREA,INTELLECTUAL,"Dongguk University newspaper (동대신문) interview article '[휴게실] 徐廷柱敎授, 印度詩人 야산챤드라 와' (reposted 2010-08-11)",Major Korean poet; documented literary encounter with an Indian poet at a Buddhist university; contested historical legacy (pro-Japanese activity),MEDIUM,"REVIEW closed 2026-08-17: India link now documented (Dongguk newspaper interview with Sitanshu Yashaschandra). Original article date not stated - Sŏ served as 문리대학장 in the 1970s, so the visit is placed in B5 with year unknown; literary exchange (not Buddhist-institutional); classified SECONDARY/ADAPT.",2026-08-17,VERIFIED,S-0177;S-0032
P-0069,Hwang Tong-gyu,Hwang Dong-gyu; 黃東奎,황동규,黃東奎,,1938,DAY,,UNKNOWN,KOREAN (South Korea),CONTEMPORARY,Poet; English-literature scholar; Professor Emeritus (Seoul National University),Protestant (Presbyterian),Seoul National University (emeritus),"NONE FOUND - education documented only in Korea, US (Iowa), UK (Edinburgh)",Major contemporary Korean poet; son of novelist Hwang Sun-won; Hoam Prize (2016),UNCERTAIN,UNCERTAIN,NULL,UNCERTAIN,NULL,NULL,Leading Korean poet and English literature scholar,LOW,Named as a candidate; no India link documented in searched sources (his international academic stays were US/UK).,2026-08-17,UNRESOLVED,S-0165
P-0070,Kim Chi-ha,Kim Ji-ha; 金芝河; birth name Kim Yeong-il,김지하,金芝河,,1941,DAY,2022,DAY,KOREAN (South Korea),CONTEMPORARY,Poet; thinker (originator of the 'Life Philosophy' 생명사상); professor (Dongguk/Wonkwang),"Catholic (baptismal name Francisco); later synthesized Buddhism, Confucianism, Donghak",Dongguk University; Wonkwang University,"NONE VERIFIED - the popular association of his 'life thought' with Gandhi/ahimsa appears in discourse but NO source could be located; his documented thought synthesizes Christianity, Buddhism (Maitreya, Avatamsaka), Confucianism, and Donghak","Iconic participatory poet of the 1970s democratic movement (오적), later life-philosophy thinker",UNCERTAIN,UNCERTAIN,NULL,UNCERTAIN,NULL,"Hani 2026-07-03 (임진택 interview on '김지하를 다시 본다'): thought rooted in Donghak (시천주/향아설위), 증산도 개벽사상, Buddhism, Christianity",Major Korean poet; systematized Korean 'life philosophy' merging Eastern traditions,LOW,REVIEW closed 2026-08-17 as documented negative: the authoritative Hani interview documents the life philosophy as Donghak-rooted with no Gandhi/India influence; popular Gandhi/ahimsa association remains unverified; classified NONE/EXCLUDE.,2026-08-17,UNRESOLVED,S-0168;S-0126;S-0057
P-0071,Vinoba Bhave,Acharya Vinoba Bhave; विनोबा भावे,,,विनोबा भावे,1895,YEAR,1982,YEAR,INDIAN,CONTEMPORARY,Gandhian philosopher; leader of the Bhoodan (land-gift) movement; spiritual successor of Gandhi,Hindu (Gandhian),Bhoodan movement; Sarvodaya,Major Gandhian leader; his ashram was visited by Korean monk Pŏpchŏng in 1971,Met Korean Buddhist monk Pŏpchŏng (1971) at his ashram in India; the encounter transmitted Gandhian renunciation philosophy to Korea via Pŏpchŏng's essays,DIRECT,NO,Never visited Korea; the encounter happened in India,INDIA_TO_KOREA,RELIGIOUS;INTELLECTUAL,Bulkwang article (2024) on Pŏpchŏng's India trip and the Vinoba Bhave meeting,The Indian intermediary through whom Gandhian simplicity reached mainstream Korean Buddhist thought,MEDIUM,Included because he is the documented Indian counterpart in Pŏpchŏng's 1971 India encounter.,2026-08-17,VERIFIED,S-0025
P-0072,Yi Yŏng-jae,"Lee Young-jae; Yi Yeong-jae; dharma names Paekkwang (白光), Pŏmnan (梵鸞), Chongwŏn (宗圓)",이영재,李英宰,,1900,YEAR,1927,DAY,KOREAN (colonial Korea),MODERN,Monk (유학승); Buddhist reformer; first modern-era Korean monk to attempt an India pilgrimage,Buddhism (ordained 1918 at Beopjusa; studied under Nampa and Paek Ch'owŏl sunims),Beopjusa; Nihon University; Tokyo Imperial University,First modern-era Korean Buddhist pilgrimage attempt (1925): studied Sanskrit/Pali (Indian Philosophy) at Tokyo Imperial University; departed Yokohama 1925-11-09 for Ceylon (Sri Lanka) intending 2 years of study then an India pilgrimage; died in Ceylon 1927-10-12 before reaching India proper,"Colonial-era Buddhist reformer: '조선불교혁신론' (27 installments, Chosun Ilbo 1922); led the 조선불교동경유학생회 journal 금강저 (1924); travelogues 도석기/남국기/석란의 불교",DIRECT,YES,Korea -> Japan (study 1918-1925) -> Ceylon (Sri Lanka) Dec 1925; intended India pilgrimage; died in Ceylon 1927-10-12,KOREA_TO_INDIA,RELIGIOUS;INTELLECTUAL,Ibulgyo 2021-02-03 biography (한국불교 격동 100년 series); Dong-A Ilbo 1927-10-27 obituary; KCI ART003193373; Beopbo series entry,Pioneer of modern Korea-India Buddhist engagement: first Korean monk in centuries to set out for India; his vow and writings mark the start of the modern pilgrimage era,HIGH,Never reached India proper - died in Ceylon aged 28; Dong-A Ilbo (1927-10-27) called him the first Korean monk in several hundred years to go to India; drew taegeukgi/taegeuk lanterns for Mahabodhi Society Vesak in Kandy; re-examined by German scholar Zimmermann (2026); B4-band (1900-1945) record,2026-08-17,VERIFIED,S-0075;S-0013;S-0101;S-0077;S-0072
P-0073,Hwang Su-yŏng,Hwang Su-yeong; 黃壽永,황수영,黃壽永,,,,,,KOREAN,CONTEMPORARY,Art historian; professor at Dongguk University; pioneer of modern Korean field surveys of Indian Buddhist heritage,Buddhist scholar (lay),Dongguk University,"Surveyed India's Buddhist sites and ancient culture 1962-01-21 -> 1963-05-09 (~5 months): Ganges basin (Buddha's sites), Central, South and West India, and Pakistan (Peshawar area - trod the Ganuo-si temple site recorded in Hyecho's Wang ocheonchukguk jeon); itinerary arranged by the Indian government matched Hyecho's route; visited Nalanda; urged that Korea send students to India, regretting that Korean students were absent from the international students gathered at the Buddhist research institute near Nalanda",Returned to Korea 1963-05-09 (Kyonghyang interview); compared Indian Buddhist remains with Korea's ancient culture (Korean stone pagodas); Indian officials requested a translation of Hyecho's travel record; his fieldwork was covered serially in Kyonghyang Shinmun,DIRECT,YES,Seoul -> India (Ganges basin; Central/South/West India; Pakistan-Peshawar); returned Seoul 1963-05-09,KOREA_TO_INDIA,INTELLECTUAL,"Kyonghyang Shinmun 1963-05-11 (帰国 interview, p.5); corroborated by Hyunbul News 2023-02-27 (Dongguk-Nalanda MOU feature)",First documented modern Korean academic field survey of India's Buddhist heritage following Hyecho's route; precursor of Korea-India Buddhist-studies exchange,HIGH,Lay scholar (not a monk); the 1962-63 journey predates ROK-India diplomatic relations (1973) and the documented Korean-student era in India; the institute near Nalanda where he noted absent Koreans is the precursor of Nav Nalanda Mahavihara; B5-band (post-war) record,2026-08-17,VERIFIED,S-0121;S-0062
P-0074,Muhak Chach'o,Muhak Taesa; Muhak Daesa,무학 자초,無學 自超,,1327,,1405,,KOREAN,MEDIEVAL,Seon master; royal preceptor (왕사) of King T'aejo (Yi Sŏng-gye); abbot of Hoeamsa; third of the Jikong-Naong-Muhak line (삼대화상),Seon Buddhist monk,Hoeamsa,"No documented travel to India. India connection is indirect, through his teacher Jikong (Dhyānabhadra): per tradition he received Jikong's teaching (in Yuan China) before returning to Goryeo; he later co-led Hoeamsa, the temple Jikong founded (reportedly modeled on Nalanda), where Jikong's relics were enshrined (1370)",With King T'aejo developed Hoeamsa as the leading early-Joseon temple; the Jikong-Naong-Muhak lineage formed the foundation of early Joseon Seon Buddhism; his stupa and stele were erected at Hoeamsa by order of King T'aejong,INDIRECT,NO,"Goryeo -> Yuan China (per tradition, received Jikong's teaching) -> returned to Goryeo; no India travel documented",INDIA_TO_KOREA,RELIGIOUS,Hyunbul News 2017-01-26 (Jikong's disciples incl. Muhak); Atlas News 2025-12-31 Silleuksa feature (삼대화상 선맥); Dongguk Buddhist Culture Portal (1370 relic stupa),"Key carrier of the Indian master Jikong's lineage into Joseon Buddhism; with T'aejo he sustained the Nalanda-modeled Hoeamsa, the most prominent material legacy of Korea-India Buddhist contact in the late medieval era",MEDIUM,India link entirely via Jikong tradition (Jahyeon 2017 monograph); no primary evidence of Muhak himself traveling to India; B2-band record; classified MEDIATOR/ADAPT,2026-08-17,VERIFIED,S-0064;S-0006;S-0020
P-0075,Baegun Gyeonghan,Baegun,백운 경한,白雲 景閑,,1298,,1374,,KOREAN,MEDIEVAL,Seon master; author of Jikjisimcheyojeol (1377) - the world's oldest extant book printed with movable metal type,Seon Buddhist monk,Chwiamsa (Cheongju),No documented travel to India. India connection is indirect: per tradition he received inka (인가) from the Indian master Jikong (Dhyānabhadra) in Yuan China; his lineage transmission otherwise ran through Chinese masters (e.g. Shiwu Qinggong),"Compiled the Jikjisimcheyojeol at Chwiamsa, Cheongju; a landmark of Korean Seon literature",INDIRECT,NO,"Goryeo -> Yuan China (per tradition, received Jikong's inka) -> returned to Goryeo; no India travel documented",INDIA_TO_KOREA,RELIGIOUS;INTELLECTUAL,Hyunbul News 2017-01-26 (Jikong's disciples incl. Baegun); Atlas News 2025-12-31 Silleuksa feature,Demonstrates the reach of the Indian master Jikong's teaching among the most eminent Goryeo Seon masters of the Mongol period,MEDIUM,India link entirely via Jikong tradition (Jahyeon 2017 monograph); Jikji fame is not itself India-connected; B2-band record; classified SECONDARY/ADAPT,2026-08-17,VERIFIED,S-0064;S-0006
P-0076,Sitanshu Yashaschandra,Sitāṃśu Yaśaścandra; 시탄 슈 야사찬드라,시탄슈 야사찬드라,,સીતાંશુ યશશ્ચંદ્ર,1941,YEAR,,UNKNOWN,INDIAN,CONTEMPORARY,Gujarati poet; scholar of Gujarati literature,Hindu,Saurashtra University (professor),"Gujarati poet described in the Dongguk newspaper as 'the youngest genius poet of India after Tagore'; visited Dongguk University (Seoul) and met Sŏ Chŏng-ju, discussing the mainstream and current state of Indian poetry; praised Sŏ's poem Hwasa (화사) for its compassion (자비심); proposed mutual Korean-Indian poetry translation and a '자비회' (Compassion Society) literary body, to be discussed with the Indian ambassador to Korea",Documented Indian counterpart in Sŏ Chŏng-ju's literary encounter at Dongguk University,DIRECT,NO,India -> Korea: Dongguk University visit and meeting with Sŏ Chŏng-ju (year unstated),INDIA_TO_KOREA,INTELLECTUAL,"Dongguk University newspaper (동대신문) interview article '[휴게실] 徐廷柱敎授, 印度詩人 야산챤드라 와' (reposted 2010-08-11)",Documented Indian literary counterpart of Korea's foremost modern poet at a Buddhist university,MEDIUM,"Visit year not stated in the article (Sŏ was 문리대학장, likely 1970s); literary exchange, not Buddhist-institutional; B5-band record; classified SECONDARY/ADAPT",2026-08-17,VERIFIED,S-0032
P-0077,Ch'ukwŏn Chijŏn,Ch'ukwŏn Chich'ŏn; Chukwon Jicheon; 竺源 智泉; National Preceptor Chŏngji (정지국사),축원 지천,竺源 智泉,,1324,,1395,,KOREAN,MEDIEVAL,Goryeo Seon monk; disciple of the Indian master Jikong (Dhyānabhadra); titled National Preceptor Chŏngji (정지국사),Seon Buddhist monk,,"No documented travel to India. India connection is indirect: per tradition he was one of Jikong's representative disciples (with Naong, Baegun Gyeonghan and Muhak Chach'o), receiving the Indian master's teaching in Yuan China",Listed among Jikong's representative disciples in modern scholarship and temple tradition; the Jikong-Naong-Muhak lineage formed the foundation of early Joseon Seon Buddhism,INDIRECT,NO,"Goryeo -> Yuan China (per tradition, disciple of Jikong) -> returned to Goryeo; no India travel documented",INDIA_TO_KOREA,RELIGIOUS,"Hyunbul News 2017-01-26 (Jikong's disciples incl. Ch'ukwŏn); Atlas News 2025-12-31 Silleuksa feature (정지국사 축원지천, 1324-1395)",Completes the documented circle of the Indian master Jikong's Korean disciples in the late Goryeo period,MEDIUM,India link entirely via Jikong tradition (Jahyeon 2017 monograph); details of his career beyond the title 정지국사 not documented in the sources consulted; B2-band record; classified SECONDARY/ADAPT,2026-08-17,VERIFIED,S-0064;S-0006
