source_id,source_key,citation,source_type,url,archive_database,accessed_date,reliability,notes
S-0001,acmuller_wonhyo,"A. Charles Muller, article on Wonhyo/Chinul/Kihwa",SECONDARY,http://www.acmuller.net/articles/1995-03-kiyo-wonhyo-chinul-kihwa.html,acmuller.net (academic),2026-08-16,ACADEMIC,
S-0002,aks_pankaj,"AKS CEFIA Wiki, 'Pankaj Mohan (한국학대학원 교수)'",WEBSITE,https://dh.aks.ac.kr/~cefia/wiki/index.php/Pankaj_Mohan_(한국학대학원_교수),Academy of Korean Studies,2026-08-16,INSTITUTIONAL,
S-0003,aks_yineunghwa,"AKS People DB, '이능화'",ARCHIVAL,http://people.aks.ac.kr/front/dirSer/ppl/pplView.aks?pplId=PPL_7HIL_A1869_1_0009236,Academy of Korean Studies People DB,2026-08-16,AUTHORITATIVE,
S-0004,amazon_morningcalm,"Lokesh Chandra, 'Morning Calm and The Pensive Beyond - Cultural Interflow Between India and Korea' (Aditya Prakashan, 2019), ISBN 978-8194085034",SECONDARY,https://www.amazon.com/Morning-Pensive-Beyond-Cultural-Interflow/dp/8194085039,Amazon listing,2026-08-16,INSTITUTIONAL,
S-0005,archive_tongsa,"Yi Nŭng-hwa, Chosŏn Pulgyo T'ongsa (1918), Internet Archive scan",PRIMARY,https://archive.org/details/12chosnpulgyotongs8800uoft,Internet Archive,2026-08-16,AUTHORITATIVE,
S-0006,atlasnews_silleuksa_2025,"Atlas News 2025-12-31: '여주 신륵사, 불심이 강물 같이 흐른다' - Silleuksa feature documenting the Jikong-Naong-Muhak Seon lineage (삼대화상); Jikong's 2y7m stay in Goryeo (until 1328-09); his disciples incl. Baegun Gyeonghan (1298-1374), Muhak Chach'o (1327-1405), Ch'ukwŏn Chich'ŏn (1324-1395); Jahyeon's 2017 monograph on Jikong; decline of Jikong's status after the Injo restoration",NEWS,http://www.atlasnews.co.kr/news/articleView.html?idxno=11018,Atlas News (아틀라스뉴스),2026-08-16,INSTITUTIONAL,
S-0007,atunis_jhaveri,"ATUNIS Poetry profile, Dileep Jhaveri",WEBSITE,https://atunispoetry.com/2018/03/13/dileep-jhaveri,ATUNIS Poetry,2026-08-16,POPULAR,
S-0008,authorscalendar_koun,"Petri Liukkonen, Authors Calendar: 'Ko Un' (1992 India visit; novel Little Pilgrim set in India)",WEBSITE,http://authorscalendar.info/koun.htm,authorscalendar.info,2026-08-16,POPULAR,
S-0009,bbs_gakseong,"BBS News (2020-09-28), 각성스님 입적 report",NEWS,http://news.bbsi.co.kr/news/articleView.html?idxno=3006316,BBS News,2026-08-16,POPULAR,
S-0010,bbs_or_kr_seonmyeong,"BBS (Buddhist Broadcasting System) overseas pilgrimage program: 세계 선명상 투어 4탄 India-Nepal 8N10D, 26 Dec 2025 - 4 Jan 2026, led by 선업 스님 (former Jogye 포교원장)",WEBSITE,https://www.bbs.or.kr/HOME2/?ACT=TRIP&MODE=BOARD&DETAIL=VIEW&ProgramCode=0&BoardType=BBSI_BOARD_PLACE&BoardTitle=해외성지순례&BoardGubun=OUT&IDX=136&Page=1,BBS (bbs.or.kr),2026-08-16,INSTITUTIONAL,
S-0011,beopbo_2022_jogye,"Beopbo (2022-05-20): Jogye delegation pilgrimage Sarnath->Bodh Gaya (Mahabodhi), May 2022",NEWS,https://www.beopbo.com/news/articleView.html?idxno=309535,Beopbo (법보신문),2026-08-16,INSTITUTIONAL,
S-0012,beopbo_chosunbulgyo,"Beopbo, '최남선의 『조선불교』' (2004)",SECONDARY,https://www.beopbo.com/news/articleView.html?idxno=28414,Beopbo,2026-08-16,INSTITUTIONAL,
S-0013,beopbo_lee_youngjae,Beopbo (법보신문) series entry: '⑦ 이영재 스님(1900~1927)' - 1924 Nihon Univ grad; 1925 Sri Lanka via India pilgrimage; died en route,NEWS,https://www.beopbo.com/news/articleView.html?idxno=29123,Beopbo (법보신문),2026-08-16,INSTITUTIONAL,
S-0014,beopbo_yeoraesunwon,"Beopbo (2011-06-30): Yeoraesunwon Bodh Gaya - 10 years of alms-supported operation, abbot Wonman sunim, 달마학교 (Dharma School) for children",NEWS,https://www.beopbo.com/news/articleView.html?idxno=66399,Beopbo (법보신문),2026-08-16,INSTITUTIONAL,
S-0015,beopjeong_site,Beopjeong memorial website,WEBSITE,http://beopjeong.clean94.or.kr,beopjeong.clean94.or.kr,2026-08-16,INSTITUTIONAL,
S-0016,britannica_kwc,"Britannica, 'Kim Woo Choong'",TERTIARY,https://www.britannica.com/money/Kim-Woo-Choong,Britannica,2026-08-16,AUTHORITATIVE,
S-0017,britannica_lee,"Britannica, 'Lee Kun-Hee'",TERTIARY,https://www.britannica.com/money/Lee-Kun-Hee,Britannica,2026-08-16,AUTHORITATIVE,
S-0018,btn_buddhavara,"BTN (2026-04-23), 붓다가야 국제승가대학-델리대학 MOU",NEWS,https://www.btnnews.tv/news/articleView.html?idxno=89786,BTN (불교TV),2026-08-16,POPULAR,
S-0019,btn_gakseong,"BTN (2020-10-02), 각성스님 영결식 report",NEWS,http://www.btnnews.tv/news/articleView.html?idxno=62974,BTN (불교TV),2026-08-16,POPULAR,
S-0020,buddhaland_hoeamsa_1370,"Dongguk University Buddhist Culture Portal (불교문화포털, buddhaland.dongguk.edu, KBDI0001421) '지공' entry: on King Kongmin's order (1370) a stupa enshrining Jikong's relics was built at Hoeamsa, supervised by Naong, declaring Naong's succession of Jikong",DATABASE,https://buddhaland.dongguk.edu/bulVoca/view?dataId=KBDI0001421,Dongguk University Buddhist Culture Portal,2026-08-16,AUTHORITATIVE,
S-0021,buddhismorkr_bunhwangsa_2022,Jogye Order official news (2022): Bunhwangsa India 대웅보전 준공식; project launched 2019-04 by 36th administration (백만원력결집),WEBSITE,https://www.buddhism.or.kr/m/board/view.php,Jogye Order (buddhism.or.kr),2026-08-16,INSTITUTIONAL,
S-0022,buddhistdoor_gbs2026,"Buddhist Door Tea House (2026-01-18): 2nd Global Buddhist Summit 2026, Bharat Mandapam, New Delhi, 24-25 Jan 2026; IBC + Ministry of Culture; theme 'Collective Wisdom, United Voice and Mutual Coexistence'; ~200 delegates",NEWS,https://teahouse.buddhistdoor.net/2nd-global-buddhist-summit-2026-to-bring-together-buddhist-leaders-in-new-delhi,Buddhist Door Tea House,2026-08-16,INSTITUTIONAL,
S-0023,budreview_choenamsun,"Kim Young-jin, '근현대 불교인물 탐구: 최남선', Bulgyo Review (2013-06-19)",SECONDARY,https://www.budreview.com/news/articleView.html?idxno=1310,Bulgyo Review,2026-08-16,ACADEMIC,
S-0024,budreview_jung,"Bulgyo Review, Jung Seung-suk author/article page",WEBSITE,https://www.budreview.com/news/articleView.html?idxno=20138,Bulgyo Review,2026-08-16,ACADEMIC,
S-0025,bulkwang_beopjeong,"Bulkwang (2024-06-13), '법정 스님의 인도' - India trip and Vinoba Bhave meeting",NEWS,https://www.bulkwang.co.kr/news/articleView.html?idxno=38670,Bulkwang (불광),2026-08-16,POPULAR,
S-0026,cheonji_wookwan,"Cheonji Ilbo (2010-11-08), Mahayeon founder interview with Wookwan",NEWS,http://www.newscj.com/news/articleView.html?idxno=59154,Cheonji Ilbo,2026-08-16,POPULAR,
S-0027,companycheck_samsung,"CompanyCheck/MCA record, Samsung India Electronics Pvt. Ltd. (CIN U31900DL1995PTC071387, incorporated 03-08-1995)",DATABASE,https://www.thecompanycheck.com/company/samsung-india-electronics-private-limited/U31900DL1995PTC071387,MCA / CompanyCheck,2026-08-16,INSTITUTIONAL,
S-0028,ddindia_icybs2025,"DD India (2025-08): 3rd International Conference of Young Buddhist Scholars (ICYBS), Dr Ambedkar International Centre, Delhi, Aug 2025; IBC + Ministry of Culture; theme 'Wisdom Transmission in 21st Century'",NEWS,https://ddindia.co.in/2025/08/icybs-2025/,DD India,2026-08-16,POPULAR,
S-0029,ddnews_gbs2026,"DD News (2026-01-18): 2nd Global Buddhist Summit speakers - Thailand, Vietnam, India, Bhutan, Myanmar, Nepal, Japan, Taiwan, US; no Korean speaker named; ~200 delegates, 800+ attendees",NEWS,https://ddnews.gov.in/en/second-global-buddhist-summit-to-be-held-in-delhi-on-january-24-25/,DD News (Govt of India),2026-08-16,INSTITUTIONAL,
S-0030,donga_delegation_1982,"Dong-A Ilbo 1982-01-19 p.6: '간디首相에 梵鐘전달 佛教대표단 聖地순례' - 6-member Korean Buddhist delegation dispatched by 국제불교문제연구소 toured India's sacred sites (Dec 1981); met PM Indira Gandhi ~30 min, presenting a Silla gold-crown replica and a Buddhist bell; visited Nalanda, donating a Haeinsa Tripitaka Koreana facsimile as research material for Korean Buddhist studies; agreed Kelaniya Temple-Bongeunsa sisterhood in Sri Lanka; director (소장) Kim Gwang-tae (김광태) reported",PRIMARY,https://newslibrary.naver.com/viewer/index.naver?articleId=1982011900209206010&editNo=2&printCount=1&publishDate=1982-01-19&officeId=00020&pageNo=6&printNo=18551&publishType=00020,Dong-A Ilbo (via Naver News Library),2026-08-16,AUTHORITATIVE,
S-0031,donga_tagore,Dong-a Ilbo (2013-05-19) on the Tagore message publication,NEWS,https://www.donga.com/news/Society/article/all/20130520/55260892/1,Dong-a Ilbo,2026-08-16,POPULAR,
S-0032,donggukmedia_seo_yashaschandra,"Dongguk University newspaper (동대신문) '[휴게실] 徐廷柱敎授, 印度詩人 야산챤드라 와' (reposted 2010-08-11): Indian poet Sitanshu Yashaschandra visited Dongguk University and met Sŏ Chŏng-ju (문리대학장); they discussed the mainstream/current state of Indian poetry and Korean-Indian literary exchange; Yashaschandra praised Sŏ's Hwasa for its compassion; proposed mutual poetry translation and a '자비회' literary society; original article date unstated",NEWS,https://www.donggukmedia.com/news/articleView.html?idxno=9701,Dongguk University Media Center (동대신문),2026-08-16,INSTITUTIONAL,
S-0033,drishtiias_gbs2023,"Drishti IAS (2023): Global Buddhist Summit 2023 New Delhi - 173 international participants incl. 84 Sangha, 151 Indian",NEWS,https://www.drishtiias.com/daily-updates/daily-news-analysis/global-buddhist-summit-2023,Drishti IAS,2026-08-16,POPULAR,
S-0034,dvidshub_panikkar,"DVIDS, 'China Threatens Intervention in Korean War (3 OCT 1950)'",SECONDARY,https://www.dvidshub.net/news/454943/china-threatens-intervention-korean-war-3-oct-1950,DVIDS (US DoD),2026-08-16,INSTITUTIONAL,
S-0035,embassy_india,"Embassy of India, Seoul - bilateral history page",WEBSITE,https://indembassy.or.kr/pages.php?id=21,"Embassy of India, Seoul",2026-08-16,INSTITUTIONAL,
S-0036,encyclopedia_kyomik,"Encyclopedia.com, 'Kyŏmik' (Baekje Vinaya)",TERTIARY,https://www.encyclopedia.com/religion/dictionaries-thesauruses-pictures-and-press-releases/kyomik,Encyclopedia.com,2026-08-16,INSTITUTIONAL,
S-0037,encykorea_gyeongheung,"Encyclopedia of Korean Culture, '경흥'",TERTIARY,https://encykorea.aks.ac.kr/Article/E0003027,Encyclopedia of Korean Culture (AKS),2026-08-16,AUTHORITATIVE,
S-0038,encykorea_haedongjong,"Encyclopedia of Korean Culture, '해동종'",TERTIARY,https://encykorea.aks.ac.kr/Article/E0062550,Encyclopedia of Korean Culture (AKS),2026-08-16,AUTHORITATIVE,
S-0039,encykorea_hyecho,"Encyclopedia of Korean Culture, '혜초'",TERTIARY,https://encykorea.aks.ac.kr/Article/E0063646,Encyclopedia of Korean Culture (AKS),2026-08-16,AUTHORITATIVE,
S-0040,encykorea_ikwangsu,"Encyclopedia of Korean Culture, '이광수'",TERTIARY,https://encykorea.aks.ac.kr/Article/E0043688,Encyclopedia of Korean Culture (AKS),2026-08-16,AUTHORITATIVE,
S-0041,encykorea_jigong,"Encyclopedia of Korean Culture, '지공선사 부도 및 석등' (Hoeamsa Jigong stupa)",TERTIARY,https://encykorea.aks.ac.kr/Article/E0054079,Encyclopedia of Korean Culture (AKS),2026-08-16,AUTHORITATIVE,
S-0042,encykorea_jigujeonyo,"Encyclopedia of Korean Culture, '지구전요'",TERTIARY,https://encykorea.aks.ac.kr/Article/E0054094,Encyclopedia of Korean Culture (AKS),2026-08-16,AUTHORITATIVE,
S-0043,encykorea_kim_iryeop,"Encyclopedia of Korean Culture, '김일엽' (E0010283): nun-poet biography - Japan study, 신여자 magazine 1920, Pulgyo magazine, Sudeoksa 1928",TERTIARY,https://encykorea.aks.ac.kr/Contents/Item/E0010283,Encyclopedia of Korean Culture (AKS),2026-08-16,AUTHORITATIVE,
S-0044,encykorea_marananta,"Encyclopedia of Korean Culture, '마라난타' (인도의 승려)",TERTIARY,https://encykorea.aks.ac.kr/Article/E0017322,Encyclopedia of Korean Culture (AKS),2026-08-16,AUTHORITATIVE,
S-0045,encykorea_milgyo,"Encyclopedia of Korean Culture, '밀교'",TERTIARY,https://encykorea.aks.ac.kr/Article/E0020385,Encyclopedia of Korean Culture (AKS),2026-08-16,AUTHORITATIVE,
S-0046,encykorea_taehyeon,"Encyclopedia of Korean Culture, '태현'",TERTIARY,https://encykorea.aks.ac.kr/Article/E0059103,Encyclopedia of Korean Culture (AKS),2026-08-16,AUTHORITATIVE,
S-0047,encykorea_tongbulgyo,"Encyclopedia of Korean Culture, '통불교사상'",TERTIARY,https://encykorea.aks.ac.kr/Article/E0059330,Encyclopedia of Korean Culture (AKS),2026-08-16,AUTHORITATIVE,
S-0048,encykorea_wangoj,"Encyclopedia of Korean Culture, '왕오천축국전'",TERTIARY,https://encykorea.aks.ac.kr/Article/E0039126,Encyclopedia of Korean Culture (AKS),2026-08-16,AUTHORITATIVE,
S-0049,encykorea_wonhyo,"Encyclopedia of Korean Culture, '원효'",TERTIARY,https://encykorea.aks.ac.kr/Article/E0040908,Encyclopedia of Korean Culture (AKS),2026-08-16,AUTHORITATIVE,
S-0050,encykorea_yineunghwa,"Encyclopedia of Korean Culture, '이능화'",TERTIARY,https://encykorea.aks.ac.kr/Article/E0043938,Encyclopedia of Korean Culture (AKS),2026-08-16,AUTHORITATIVE,
S-0051,eob_woncheuk,"Encyclopedia of Buddhism, 'Wŏnch'ŭk'",TERTIARY,https://encyclopediaofbuddhism.org/wiki/W%C5%8Fnch%27%C5%ADk,Encyclopedia of Buddhism,2026-08-16,INSTITUTIONAL,
S-0052,eob_zhikong,"Encyclopedia of Buddhism, 'Zhikong Chanxian'",TERTIARY,https://encyclopediaofbuddhism.org/wiki/Zhikong_Chanxian,Encyclopedia of Buddhism,2026-08-16,INSTITUTIONAL,
S-0053,ggbn_delhi_pune,Korean Buddhist outlet (2019-03-19): Delhi University and Pune University are the most-chosen universities by Korean Buddhist-students (불교를 전공하는 한국인 최다 선택),NEWS,https://www.ggbn.co.kr/news/articleView.html?idxno=38055,GGBN (Korean),2026-08-16,POPULAR,
S-0054,ggbn_umyeongju,"U Myeong-ju, '세계의 불교대학2: 인도 델리대학', GGBn (2019-03-19)",NEWS,https://www.ggbn.co.kr/news/articleView.html?idxno=38055,GGBn (굿모닝불교),2026-08-16,POPULAR,
S-0055,googlebooks_icf,"'History of the Custodian Force (India) in Korea, 1953-54' (official history), Google Books",PRIMARY,https://books.google.com/books?id=KIcUGQAACAAJ,Google Books,2026-08-16,AUTHORITATIVE,
S-0056,goryeosa_db,Goryeosa database (National Institute of Korean History) - negative result: no Hyeil India journey found,ARCHIVAL,https://db.history.go.kr/goryeo/,National Institute of Korean History DB,2026-08-16,AUTHORITATIVE,
S-0057,hani_kimchiha_2026,"Hani (한겨레) 2026-07-03, 강성만: interview with 임진택 on '김지하를 다시 본다' - documents Kim Chi-ha's life philosophy as rooted in Donghak (수운 최제우's 시천주; 해월 최시형's 향아설위), 증산도 개벽사상, Buddhism and Christianity; no Gandhi/India influence mentioned; 1982 '원주 문건' (생명의 세계관 확립과 협동적 생존의 확장) as the founding text of the Korean life movement",NEWS,https://www.hani.co.kr/arti/culture/book/1177518.html,Hani (한겨레),2026-08-16,INSTITUTIONAL,
S-0058,hani_woj_2019,"Hani (한겨레) 2019-10-19: '혜초의 왕오천축국전 고국 찾아온다' - second BnF loan approved (17 Oct 2019) for the NMK exhibition Dec 2019 - Apr 2020; manuscript 358.6cm scroll, 227 lines, 5,893 characters; Pelliot discovery 1908; Takakusu Junjiro's 1915 Silla attribution; Ch'oe Nam-sŏn's 1943 Korean introduction",NEWS,https://www.hani.co.kr/arti/culture/culture_general/428121.html,Hani (한겨레),2026-08-16,INSTITUTIONAL,
S-0059,hankookilbo_hoeamsa_relics_2024,"Hankook Ilbo 2024-04-17: Hoeamsa sarira return finalized - relics of Jikong/Naong plus Buddha relics (brought from India by Jikong) illegally removed in the colonial era, acquired by Boston MFA 1939; return agreed after the 2023 US state visit; delivered 2024-04-16, Korea arrival 04-18, relocation rite at Jogye 04-19, re-enshrinement at Hoeamsa 2024-05-19",NEWS,https://www.hankookilbo.com/News/Read/A2024041708440002013?did=GO,Hankook Ilbo (한국일보),2026-08-16,INSTITUTIONAL,
S-0060,hathi_divik,"HathiTrust catalog, 'The day breaks O! India' (Choyi Kim Yang-Shik, Hindi tr. Divik Ramesh)",DATABASE,https://catalog.hathitrust.org/Record/003818155,HathiTrust,2026-08-16,INSTITUTIONAL,
S-0061,historylibrary_silla,"Shin Dong-hun, '삼국통일 전 인도에 도착한 신라스님들' (Silla monks who reached India before unification)",SECONDARY,https://historylibrary.net/entry/삼국통일-전-인도에-도착한-신라스님들,History Library (historylibrary.net),2026-08-16,ACADEMIC,
S-0062,hyunbul_dongguk_nalanda,"Hyunbul News (2023-02-27): '동국대, 날란다大 MOU... 공동 교육·연구 협력' - Dongguk University-Nalanda University academic MOU signed 2023-02-24 at Nalanda (VC Sunaina Singh; Dongguk 건학위원장 돈관 스님, 총장 윤재웅); joint education/research + '순례' themed conference + Korea-India 50th anniversary; article also cites the 1982 delegation (Dong-A 1982-01-19) and Hwang Su-yŏng 1962-63 (Kyonghyang 1963-05-11)",NEWS,https://www.hyunbulnews.com/articleView.html?idxno=408238,Hyunbul News (현대불교신문),2026-08-16,INSTITUTIONAL,
S-0063,hyunbul_hyoseok,"Hyunbul News (2021-10-14), '[모정불심] 19. 효석 스님의 어머니'",NEWS,http://www.hyunbulnews.com/news/articleView.html?idxno=402639,Hyunbul News (현대불교),2026-08-16,POPULAR,
S-0064,hyunbul_jikong_2017,"Hyunbul News 2017-01-26: '지공·나옹… 재점화된 禪宗' - Jikong's representative disciples: Naong (Kongmin's preceptor), Baegun Gyeonghan (Jikji author), Muhak Chach'o (T'aejo's preceptor), Ch'ukwŏn Chich'ŏn; revival of studies on Jikong's Seon lineage",NEWS,https://www.hyunbulnews.com/news/articleView.html?idxno=290135,Hyunbul News (현대불교신문),2026-08-16,INSTITUTIONAL,
S-0065,hyunbulnews_bunhwangsa_2022,"Hyunbul News (2022-05-19): Jogye 150-person official delegation led by 총무원장 Wonhaeng, '공식대표단 첫 순례', Bunhwangsa India dedication",NEWS,https://www.hyunbulnews.com/news/articleView.html?idxno=405034,Hyunbul News (현대불교신문),2026-08-16,INSTITUTIONAL,
S-0066,hyunbulnews_gbs2023,"Hyunbul News (2023-04-27, 임은호): '조계종, 제1회 글로벌 부디스트 서밋 참가' - GBS 2023 held 20-21 Apr at Ashok Hotel, New Delhi; Jogye 해외특별교구 교구장 직무대행 정범 스님 attended as official representative on behalf of 총무원장; ~30 countries, 500+ leaders; PM Modi, Culture Minister Kishan Reddy",NEWS,https://www.hyunbulnews.com/news/articleView.html?idxno=408978,Hyunbul News (현대불교신문),2026-08-16,INSTITUTIONAL,
S-0067,iats_lokesh,"IATS oral history interview, Lokesh Chandra",ARCHIVAL,https://oralhistory.iats.info/interviews/lokesh-chandra,International Association for Tibetan Studies,2026-08-16,INSTITUTIONAL,
S-0068,ibcworld_gbs2023,"IBC official event file: Global Buddhist Summit 2023 - 700+ delegates, ~175 overseas from 31 countries",PRIMARY,https://ibcworld.org/events/view/35,International Buddhist Confederation (IBC),2026-08-16,AUTHORITATIVE,
S-0069,ibcworld_gbs2026,"International Buddhist Confederation, official event file: 2nd Global Buddhist Summit 2026 (24-25 Jan 2026)",PRIMARY,https://www.ibcworld.org/docs/event_files/2nd%20GBS%202026.pdf,International Buddhist Confederation (IBC),2026-08-16,AUTHORITATIVE,
S-0070,ibcworld_icybs2025,"IBC official event report: 3rd ICYBS 22 Aug 2025, Dr Ambedkar International Centre, New Delhi; IBC + Ministry of Culture + Ministry of Social Justice & Empowerment; theme 'Wisdom Transmission in Buddha Dhamma in the 21st Century'; no Korean participant named",PRIMARY,https://www.ibcworld.org/events/view/140,International Buddhist Confederation (IBC),2026-08-16,AUTHORITATIVE,
S-0071,ibulgyo_bunhwangsa_2020,"Ibulgyo (2020-02-06): Bunhwangsa India construction start 2020-03-28, completion targeted 2022",NEWS,https://www.ibulgyo.com/news/articleView.html?idxno=204382,Ibulgyo (불교닷컴),2026-08-16,INSTITUTIONAL,
S-0072,ibulgyo_doseokgi_2026,Ibulgyo (불교신문) 2026-03-03: '성지(聖地)로 향하는 배에서 조선 불교의 미래를 고민하다' - paper on Lee Young-jae's 도석기 (space heterotopia; Buddhist college vision),NEWS,https://www.ibulgyo.com/news/articleView.html?idxno=435895,Ibulgyo (불교신문),2026-08-16,INSTITUTIONAL,
S-0073,ibulgyo_hoeamsa_relic_2024,Ibulgyo 2024: '회암사 3여래2조사 사리' - Jogye Order had a separate sarira reliquary made for the returned Hoeamsa relics,NEWS,https://www.ibulgyo.com/news/articleView.html?idxno=413032,Ibulgyo (불교신문),2026-08-16,INSTITUTIONAL,
S-0074,ibulgyo_jogye50th_2023,"Ibulgyo (불교신문) 2023-03-22, 홍다영: '조계종 한국-인도 수교 50주년 기념 부처님 나라에서 문화교류' - 21 Mar 2023 temple-food dinner at ROK ambassador's residence (Jang Jae-bok); NGMA exhibition '부처님의 땅! 인도에서 한국문화를 만나다' 22 Mar-30 Apr; ~40 attendees incl. Apurva Chandra; Jugyeong (중앙종회의장) represented Jogye",NEWS,https://www.ibulgyo.com/news/articleView.html?idxno=400517,Ibulgyo (불교신문),2026-08-16,INSTITUTIONAL,
S-0075,ibulgyo_lee_youngjae_2021,"Ibulgyo (불교신문) 2021-02-03, 이성수: '[한국불교 격동 100년] <1> 근대 최초 인도 순례한 이영재 스님' - full biography: born 1900 Cheongju; ordained 1918 Beopjusa; Nihon Univ 1920-23; Tokyo Imperial Univ Indian Philosophy (Sanskrit/Pali); departed Yokohama 1925-11-09 on Hakusan Maru; Ceylon Dec 1925; died 1927-10-12 in Ceylon aged 28; wrote 도석기/남국기/석란의 불교; drew taegeukgi for Mahabodhi Society Vesak in Kandy; Dong-A Ilbo 1927-10-27 obituary",NEWS,https://www.ibulgyo.com/news/articleView.html?idxno=210248,Ibulgyo (불교신문),2026-08-16,INSTITUTIONAL,
S-0076,ibulgyo_wookwan,"Bulgyo Shinmun (2022-07-28), '조계종 사찰음식명장 우관스님을 만나다'",NEWS,http://www.ibulgyo.com/news/articleView.html?idxno=219282,Bulgyo Shinmun (불교신문),2026-08-16,POPULAR,
S-0077,ibulgyo_zimmermann_2026,"Ibulgyo (불교신문) 2026-04-15: '독일학자 찐머만, 근대 구법승 이영재 스님 재조명' - German scholar Zimmermann re-examines Lee Young-jae as first modern Korean Buddhist pilgrim",NEWS,https://www.ibulgyo.com/news/articleView.html?idxno=437401,Ibulgyo (불교신문),2026-08-16,INSTITUTIONAL,
S-0078,ics_vyj,"Institute of Chinese Studies faculty listing, Vyjayanti Raghavan",WEBSITE,https://www.icsin.org/faculty/vyjayanti-raghavan,Institute of Chinese Studies,2026-08-16,INSTITUTIONAL,
S-0079,idsa_panikkar,"MP-IDSA, 'Beyond Abstention: India, the Korean War Legacy...' (Jul 2025)",SECONDARY,https://idsa.in/publisher/comments/beyond-abstention-india-the-korean-war-legacy-and-contemporary-conflicts,Manohar Parrikar IDSA,2026-08-16,ACADEMIC,
S-0080,indianarrative_sangwol2023,India Narrative (2023-03-22): Sangwol Society 200-strong foot pilgrimage Sarnath->Shravasti; Yogi Adityanath outreach to Korean monks,NEWS,https://www.indianarrative.com/culture/yogi-adityanath-reaches-out-to-korean-monks-in-bid-to-revive-buddhist-ties-with-asia/,India Narrative,2026-08-16,POPULAR,
S-0081,indianexpress_gandhi,"Indian Express (15 Aug 2021), 'How India's independence movement influenced Korea's struggle for freedom from Japanese rule'",NEWS,https://indianexpress.com/article/research/how-indias-independence-movement-influenced-koreas-struggle-for-freedom-from-japanese-rule-7454485/,Indian Express,2026-08-16,POPULAR,
S-0082,jnu_kaushal,"JNU CKS faculty profile, Kaushal Kumar",WEBSITE,https://www.jnu.ac.in/index.php/content/kkaushaljnu,Jawaharlal Nehru University,2026-08-16,INSTITUTIONAL,
S-0083,jnu_neerja,"JNU CKS faculty profile, Neerja Samajdar",WEBSITE,https://www.jnu.ac.in/index.php/content/neerjasingh,Jawaharlal Nehru University,2026-08-16,INSTITUTIONAL,
S-0084,jnu_ravikesh,"JNU CKS faculty profile, Ravikesh",WEBSITE,https://www.jnu.ac.in/index.php/content/ravikesh,Jawaharlal Nehru University,2026-08-16,INSTITUTIONAL,
S-0085,jogyesa_2014_pilgrimage,"Jogye Order official news (2014): 순례단 pilgrimage to 8 sacred sites + Nepal (13N14D, 19 Feb-4 Mar 2014) incl. Yeoraesunwon visit at Bodh Gaya",WEBSITE,https://www.jogyesa.kr/board/news/board_view.php?num=3148,Jogye Order (jogyesa.kr),2026-08-16,INSTITUTIONAL,
S-0086,joongang_tagore,"JoongAng Ilbo 분수대 (2012-12-10), 'Reading between the lines on Tagore'",NEWS,https://www.joongang.co.kr/article/10131809,JoongAng Ilbo,2026-08-16,POPULAR,
S-0087,jungto_india,"Jungto Society official India pilgrimage program: 36th pilgrimage 14-30 Jan 2027 (16N17D, 500 persons, registration from 2026-05-25); annual program",WEBSITE,https://www.jungto.org/india/,Jungto Society (jungto.org),2026-08-16,INSTITUTIONAL,
S-0088,kaavyaalaya_divik,"Kaavyaalaya poet profile, Divik Ramesh",WEBSITE,https://kaavyaalaya.org/en/p/divik-ramesh,Kaavyaalaya,2026-08-16,INSTITUTIONAL,
S-0089,kashmirlife_aga,"Kashmir Life, 'Former Jammu Kashmir Chief Secretary Syed Muzaffar Aga Dies at 108'",NEWS,https://kashmirlife.net/former-jammu-kashmir-chief-secretary-syed-muzaffar-aga-dies-at-108-444065/,Kashmir Life,2026-08-16,POPULAR,
S-0090,kbpf_india2026,"Korea Buddhism Promotion Foundation (대한불교진흥원) official notice (2026-07-02): 2026 India pilgrimage 3-11 Oct 2026 (8N9D), Dharamsala/Ajanta-Ellora/Sanchi, Air India",WEBSITE,https://www.kbpf.org/?bmode=view&idx=172150129,Korea Buddhism Promotion Foundation (kbpf.org),2026-08-16,INSTITUTIONAL,
S-0091,kbs_woj_2010,"KBS News 2010-12-17: '1283년만에 한국 온 왕오천축국전' - the BnF manuscript arrived in Korea for the NMK '실크로드와 둔황' exhibition; first public display in 1,283 years",NEWS,https://news.kbs.co.kr/news/view.do?ncd=2211998,KBS News,2026-08-16,INSTITUTIONAL,
S-0092,kci_choi,"Choi Seong-woo / Choi Dong-ho, Tagore reception studies, KCI (ART002541946 / ART001612260)",SECONDARY,https://www.kci.go.kr/kciportal/ci/sereArticleSearch/ciSereArtiView.kci?sereArticleSearchBean.artiId=ART002541946,KCI,2026-08-16,ACADEMIC,
S-0093,kci_han_tagore,"Comparative Han Yong-un / Tagore study, KCI (ART002442623)",SECONDARY,https://www.kci.go.kr/kciportal/landing/article.kci?arti_id=ART002442623,KCI,2026-08-16,ACADEMIC,
S-0094,kci_hong,"Hong Eun-taek, 'The Problems of Korean Translation of Tagore's Poetry' (2014), KCI",SECONDARY,https://www.kci.go.kr/kciportal/ci/sereArticleSearch/ciSereArtiView.kci?sereArticleSearchBean.artiId=ART001914468,KCI,2026-08-16,ACADEMIC,
S-0095,kci_hyecho,"Jung Byung-sam, 'Hyecho's View on India and Central Asia', KCI",SECONDARY,https://www.kci.go.kr/kciportal/ci/sereArticleSearch/ciSereArtiView.kci?sereArticleSearchBean.artiId=ART001508931,KCI (Korea Citation Index),2026-08-16,ACADEMIC,
S-0096,kci_jung,"Jung Younghyo, '욕망으로서의 번역과 오역' (Gitanjali/Kim Ŏk), KCI",SECONDARY,https://www.kci.go.kr/kciportal/ci/sereArticleSearch/ciSereArtiView.kci?sereArticleSearchBean.artiId=ART001459996,KCI,2026-08-16,ACADEMIC,
S-0097,kci_kimboksoon,"Kim Bok-soon, study of Yijing's 大唐西域求法高僧傳 and Silla monks, KCI",SECONDARY,https://www.kci.go.kr/kciportal/ci/sereArticleSearch/ciSereArtiView.kci?sereArticleSearchBean.artiId=ART001972941,KCI,2026-08-16,ACADEMIC,
S-0098,kci_kimsooyeon,"Kim Soo-yeon, 'Goryeo 佛頂道場 (Buddha-Usnisa practice halls)', KCI",SECONDARY,https://www.kci.go.kr/kciportal/ci/sereArticleSearch/ciSereArtiView.kci?sereArticleSearchBean.artiId=ART001350854,KCI,2026-08-16,ACADEMIC,
S-0099,kci_kimujo,"Kim Ujo, 'Tagore's Perception of Joseon and Its Reception in Joseon', 인도연구 19(1) 2014, KCI",SECONDARY,https://www.kci.go.kr/kciportal/landing/article.kci?arti_id=ART001881271,KCI / 인도연구,2026-08-16,ACADEMIC,
S-0100,kci_ko,"Ko Young-seop, review/discussion of Lamotte incl. Korean monks in India, KCI (SNU)",SECONDARY,https://journal.kci.go.kr/snu-ioh/archive/articlePdf?artiId=ART001034128,KCI / SNU Journal,2026-08-16,ACADEMIC,
S-0101,kci_lee_youngjae_southasia,"KCI ART003193373: '이영재(李英宰, 1900~1927)의 남아시아 기행 탐구' - academic study of his Ceylon journey and pilgrimage writings",SECONDARY,https://www.kci.go.kr/kciportal/ci/sereArticleSearch/ciSereArtiView.kci?sereArticleSearchBean.artiId=ART003193373,KCI (Korea Citation Index),2026-08-16,ACADEMIC,
S-0102,kci_sohn,"Sohn Yong-Taek, study of Jigujeonyo, KCI",SECONDARY,https://www.kci.go.kr/kciportal/ci/sereArticleSearch/ciSereArtiView.kci?sereArticleSearchBean.artiId=ART001486717,KCI,2026-08-16,ACADEMIC,
S-0103,kimyongjik_book,"Kim Yong-jik, Munhaksa ŭi sŏpcharak (푸른사상), chapter 'R. Tagore wa Ch'unwŏn Yi Kwang-su'",SECONDARY,https://ebook-product.kyobobook.co.kr/dig/epd/ebook/E000002900926,Kyobo ebook,2026-08-16,ACADEMIC,
S-0104,kiss_hyecho,"Jeong Soo-il, '혜초의 서역기행과 『왕오천축국전』', KISS",SECONDARY,https://kiss.kstudy.com/Detail/Ar?key=3742173,KISS (Korean Studies Information),2026-08-16,ACADEMIC,
S-0105,ko_wiki_hyecho,"Korean Wikipedia, '혜초' (704-787)",TERTIARY,https://ko.wikipedia.org/wiki/혜초,Wikipedia (ko),2026-08-16,INSTITUTIONAL,
S-0106,ko_wiki_koun,"Korean Wikipedia, '고은' (b. 1933-08-01; birth name 고은태 高銀泰)",TERTIARY,https://ko.wikipedia.org/wiki/고은,Wikipedia (ko),2026-08-16,INSTITUTIONAL,
S-0107,ko_wiki_yikyugyong,"Korean Wikipedia, '이규경' (1788-08-05 ~ 1856-05-16)",TERTIARY,https://ko.wikipedia.org/wiki/이규경,Wikipedia (ko),2026-08-16,INSTITUTIONAL,
S-0108,koreabizwire_sangwol2023,Korea Bizwire (2023-02-10): 'Buddhist Monks Set Off on Pilgrimage to India and Nepal',NEWS,http://koreabizwire.com/buddhist-monks-set-off-on-pilgrimage-to-india-and-nepal/240292,Korea Bizwire,2026-08-16,POPULAR,
S-0109,koreaherald_bexpo2026,"Korea Herald (2026-04-09, Sanjay Kumar): IBC DG Abhijit Halder presents Buddha statue to Jung Won-ju (Lay Buddhist Association of the Jogye Order president) at Seoul International Buddhism Expo (Bexpo 2026), 2026-04-04",NEWS,https://www.koreaherald.com/article/10713686,Korea Herald,2026-08-16,POPULAR,
S-0110,koreaherald_kritya,"Korea Herald (2023-01-13 exclusive), Ko Un feature: 14th Kritya International Poetry Festival guest of honor (online 4-13 Jul 2021); New Delhi 2019 Raza Biennale/JNU talk; Mexico City 2018",NEWS,https://www.koreaherald.com/article/3041111,Korea Herald,2026-08-16,POPULAR,
S-0111,koreaherald_thimayya,"Korea Herald, Imjingak memorial/bust unveiling for Thimayya (2026)",NEWS,https://www.koreaherald.com/ (search 'Thimayya'),Korea Herald,2026-08-16,POPULAR,
S-0112,koreanmedals_60pfa,"Korean Medals, '60th Indian Parachute Field Ambulance'",WEBSITE,https://www.koreanmedals.com/60th-indian-parachute-field-ambulance,koreanmedals.com,2026-08-16,INSTITUTIONAL,
S-0113,koreanmedals_icf,"Korean Medals, 'Indian Custodian Force'",WEBSITE,https://www.koreanmedals.com/indian-custodian-force,koreanmedals.com,2026-08-16,INSTITUTIONAL,
S-0114,koreanmedals_nnrc,"Korean Medals, 'Neutral Nations Repatriation Commission'",WEBSITE,https://www.koreanmedals.com/neutral-nations-repatriation-commission,koreanmedals.com,2026-08-16,INSTITUTIONAL,
S-0115,koreatimes_bunhwangsa_2022,Korea Times (2022-05-24): Jogye Order 성지순례단 at Bunhwangsa India dedication,NEWS,https://www.koreatimes.net/ArticleViewer/Article/146716,Korea Times (koreatimes.net),2026-08-16,POPULAR,
S-0116,koreatimes_tagore,"Park Jin-young, '동방의 등불은 시가 아닌 메모였다', koreatimes (2019-10-18)",NEWS,http://www.koreatimes.com/article/20191017/1274998,koreatimes,2026-08-16,POPULAR,
S-0117,koun,Ko Un official website,WEBSITE,http://www.koun.co.kr,koun.co.kr,2026-08-16,INSTITUTIONAL,
S-0118,kyobo_jung,"Kyobo Books, Jung Seung-suk author profile",DATABASE,https://store.kyobobook.co.kr/person/detail/1000310001,Kyobo Books,2026-08-16,INSTITUTIONAL,
S-0119,kyobo_leejeongho,"Kyobo Books, Lee Jeong-ho author profile (education, works, award)",DATABASE,https://store.kyobobook.co.kr/person/detail/1000272501,Kyobo Books,2026-08-16,INSTITUTIONAL,
S-0120,kyosu_tagore,"Kyosu.net (2012-12-17), Tagore message transmission account (Hong Eun-taek)",SECONDARY,https://www.kyosu.net/news/articleView.html?idxno=26437,kyosu.net,2026-08-16,ACADEMIC,
S-0121,kyunghyang_hwang_1963,"Kyonghyang Shinmun 1963-05-11 p.5: '우리古代文化와 比較돼 - 印度 佛蹟을 踏査한 黃교수 歸國談' - Prof. Hwang Su-yŏng (Dongguk Univ.) returned 1963-05-09 from a ~5-month survey (left Seoul 1962-01-21); followed Hyecho's route across India (Ganges basin, Central/South/West India, Pakistan-Peshawar); visited Nalanda; regretted the absence of Korean students at the Buddhist research institute near Nalanda; Indian officials requested a translation of Hyecho's travelogue",PRIMARY,https://newslibrary.naver.com/viewer/index.naver?articleId=1963051100329205009&editNo=6&printCount=1&publishDate=1963-05-11&officeId=00032&pageNo=5&printNo=5397&publishType=00020,Kyonghyang Shinmun (via Naver News Library),2026-08-16,AUTHORITATIVE,
S-0122,kyungnam_pdf,Shin Seok-jung study quoting Yi Kwang-su's 1925 Tagore review (Kyungnam University PDF),SECONDARY,https://www.kyungnam.ac.kr/bbs/human/815/90612/download.do,Kyungnam University,2026-08-16,ACADEMIC,
S-0123,loc_iryon,"Library of Congress authority record (Iryŏn, 1206-1289)",ARCHIVAL,https://id.loc.gov/authorities/names/n82094556.html,Library of Congress,2026-08-16,AUTHORITATIVE,
S-0124,mgu_kps,"Mahatma Gandhi University, K.P.S. Menon biography",WEBSITE,https://www.mgu.ac.in/k-p-s-menon,MG University,2026-08-16,INSTITUTIONAL,
S-0125,mkgandhi_ham,"mkgandhi.org, 'Ham Sok-hon, the Korean Gandhi'",WEBSITE,https://www.mkgandhi.org/articles/ham-sok-hon-korean-Gandhi.php,mkgandhi.org,2026-08-16,INSTITUTIONAL,
S-0126,mokpo_kimchiha,"Mokpo City literary biography, '노겸 김지하'",WEBSITE,https://www.mokpo.go.kr/munhak/mokpo_literature/native_introduce/kimjiha,Mokpo City,2026-08-16,INSTITUTIONAL,
S-0127,museum_woj_2010,National Museum of Korea press archive 2010-06-29: '혜초의 『왕오천축국전』 한국에 온다' - BnF review board approved (17 Jun 2010) loaning the Wang ocheonchukguk jeon manuscript for the '실크로드와 둔황' exhibition (18 Dec 2010 - 3 Apr 2011); first public display of the manuscript since Pelliot's 1908 Dunhuang discovery,ARCHIVAL,https://www.museum.go.kr/site/main/archive/united/8499,National Museum of Korea,2026-08-16,AUTHORITATIVE,
S-0128,namuwiki_embassy,"NamuWiki, '주인도 대한민국 대사관' (ROK Embassy in India)",TERTIARY,https://en.namu.wiki/w/주인도 대한민국 대사관,NamuWiki,2026-08-16,INSTITUTIONAL,
S-0129,namuwiki_park,"NamuWiki, '박찬현'",TERTIARY,https://en.namu.wiki/w/박찬현,NamuWiki,2026-08-16,INSTITUTIONAL,
S-0130,nanet_jiyong,"Choi Dong-ho, '정지용의 타고르 시집 『기탄자리』 번역 시편: 1923년 1월 발간된 『휘문』 창간호를 중심으로' (한국언어문학; KINX2012046620)",SECONDARY,https://dl.nanet.go.kr/detail/KINX2012046620,National Assembly Library (nanet),2026-08-16,ACADEMIC,
S-0131,nehruarchive_cable1,"Nehru Archive, Cable to V.K. Krishna Menon (4 March 1953)",ARCHIVAL,https://nehruarchive.in/documents/cable-to-v-k-krishna-menon-4-march-1953-8b1i8x,Nehru Memorial Archive,2026-08-16,AUTHORITATIVE,
S-0132,nehruarchive_cable2,"Nehru Archive, Cable to V.K. Krishna Menon (25 May 1953)",ARCHIVAL,https://nehruarchive.in/documents/cable-to-v-k-krishna-menon-25-may-1953-9m5d3q,Nehru Memorial Archive,2026-08-16,AUTHORITATIVE,
S-0133,nehruarchive_km,"Nehru Archive, person page for V.K. Krishna Menon",ARCHIVAL,https://nehruarchive.in/people/v-k-krishna-menon,Nehru Memorial Archive,2026-08-16,AUTHORITATIVE,
S-0134,nehruarchive_korea,"Nehru Archive, Korea documents & cables (4 Mar 1953; 25 May 1953)",ARCHIVAL,https://nehruarchive.in/locations/korea,Nehru Memorial Archive,2026-08-16,AUTHORITATIVE,
S-0135,nehruarchive_panikkar,"Nehru Archive, Cable to K.M. Panikkar (19 Aug 1950)",ARCHIVAL,https://nehruarchive.in/documents/cable-to-k-m-panikkar-19-august-1950-9jj8nn,Nehru Memorial Archive,2026-08-16,AUTHORITATIVE,
S-0136,nehruarchive_thorat,"The Nehru Archive, 'Lt. General S.P.P. Thorat' profile",ARCHIVAL,https://nehruarchive.in/people/lt-general-s-p-p-thorat,Nehru Memorial Archive,2026-08-16,AUTHORITATIVE,
S-0137,nih_hyecho,"National Institute of Korean History, 우리역사넷, Hyecho",ARCHIVAL,https://contents.history.go.kr/mobile/kc/view.do?code=kc_age_10&levelId=kc_n102000,National Institute of Korean History,2026-08-16,AUTHORITATIVE,
S-0138,nrich_jigong_stele,"National Research Institute of Cultural Heritage, 금석문 DB: 양주 회암사지 지공선사 부도비 (stele text by Yi Saek)",ARCHIVAL,https://portal.nrich.go.kr/kor/ksmUsrView.do?menuIdx=584&ksm_idx=8573,NRICH 금석문 DB,2026-08-16,AUTHORITATIVE,
S-0139,nyt_kpsmenon,"New York Times (6 Mar 1948), 'MENON BACK IN KOREA; U.N. BODY TO CONVENE'",NEWS,https://www.nytimes.com/1948/03/07/archives/menon-back-in-korea-un-body-to-convene.html,NYT Archives,2026-08-16,POPULAR,
S-0140,nyt_mookerjee,"New York Times obituary (31 Mar 1974), 'Dr. Girija Mookerjee Is Dead; Indian Educator and Author'",NEWS,https://www.nytimes.com/1974/03/31/archives/dr-girija-mookerjee-is-dead-indian-educator-and-author.html,NYT Archives,2026-08-16,POPULAR,
S-0141,nyt_nehru,"New York Times (1 Apr 1951), 'Nehru for Truce in Korea; Attacks Red Expansionism'",NEWS,https://www.nytimes.com/1951/04/01/archives/nehru-for-truce-in-korea-attacks-red-expansionism-nehru-for-a-truce.html,NYT Archives,2026-08-16,POPULAR,
S-0142,oapen_heohwangok,"OAPEN book chapter on the Heo Hwang-ok debate (Routledge, 2024)",SECONDARY,https://library.oapen.org/bitstream/handle/20.500.12657/96615/9781003484844_10.4324_9781003484844-2.pdf,OAPEN Library,2026-08-16,ACADEMIC,
S-0143,oc_jiyong_museum,"Jeong Ji-yong Literary Museum (Okcheon), '휘문보고에서 유학시절까지'",WEBSITE,https://www.oc.go.kr/jiyong/contents.do?key=2172,Jeong Ji-yong Literary Museum,2026-08-16,INSTITUTIONAL,
S-0144,openlibrary_mookerjee,"Open Library, Mookerjee, Girija Kanta (works list, 1905-1974)",DATABASE,https://openlibrary.org/authors/OL10731A/Mookerjee_Girija_Kanta,Open Library,2026-08-16,INSTITUTIONAL,
S-0145,ourbuddhismworld_bexpo2026,"Our Buddhism World (2026-04-10): IBC and Jogye lay group at Bexpo 2026, Seoul",NEWS,https://www.ourbuddhismworld.com/archives/11412,Our Buddhism World,2026-08-16,POPULAR,
S-0146,pib_icybs2025,"PIB press release PRID=2156138 (2025-08-22): 3rd ICYBS held 22 Aug 2025 at Nalanda Auditorium, Dr Ambedkar International Centre; attendees from India, Sri Lanka, Myanmar, Vietnam, Cambodia, Russia, Taiwan",PRIMARY,https://pib.gov.in/PressReleasePage.aspx?PRID=2156138,"Press Information Bureau, Govt of India",2026-08-16,AUTHORITATIVE,
S-0147,pib_sangwol2023,"PIB press release PRID=1896682 (2023-02-06): 108 Buddhists from ROK on walking pilgrimage hosted by Jogye Order, Sarnath->Shravasti via Nepal, 1100+ km",PRIMARY,https://pib.gov.in/PressReleasePage.aspx?PRID=1896682,"Press Information Bureau, Govt of India",2026-08-16,AUTHORITATIVE,
S-0148,poetryfoundation_ko,"Poetry Foundation, Ko Un biography (documents India travels)",WEBSITE,https://www.poetryfoundation.org/poets/ko-un-56d207070306a,Poetry Foundation,2026-08-16,INSTITUTIONAL,
S-0149,powers_jiabs,"John Powers, article on Wŏnch'ŭk, Journal of the International Association of Buddhist Studies",SECONDARY,https://journals.ub.uni-heidelberg.de/index.php/jiabs/article/download/8793/2700,JABS (Heidelberg),2026-08-16,ACADEMIC,
S-0150,sgs_marananta,Samguk Sagi via National Institute of Korean History (sg_024r_0100_0030),PRIMARY,https://db.history.go.kr/id/sg_024r_0100_0030,National Institute of Korean History DB,2026-08-16,AUTHORITATIVE,
S-0151,snu_koilhong,"Ko Il-hong (SNU), paper on the Heo Hwang-ok/Yangtze narrative",SECONDARY,https://ih.snu.ac.kr/wp-content/uploads/mangboard/2023/09/15/F1769_10_%EC%9D%BC%EB%B0%98_Ko%20Ilhong_3%EA%B5%90.pdf,Seoul National University,2026-08-16,ACADEMIC,
S-0152,southasiatime_piparhawa2026,"South Asia Time (2026-01-03): PM Modi inaugurates Grand International Exhibition of Holy Piparhawa Remains, Rai Pithora Cultural Complex, New Delhi",NEWS,https://www.southasiatime.com/2026/01/03/pm-modi-inaugurates-exhibition-of-lord-buddhas-relics/,South Asia Time,2026-08-16,POPULAR,
S-0153,sy_garak,"Samguk Yusa, Garakguk-gi (sy_003r_0010_0020_0010)",PRIMARY,https://db.history.go.kr/item/compareViewer.do?levelId=sy_003r_0010_0020_0010,National Institute of Korean History DB,2026-08-16,AUTHORITATIVE,
S-0154,sy_marananta,"Samguk Yusa, Marananta entry (sy_003r_0010_0020_0010)",PRIMARY,https://db.history.go.kr/item/compareViewer.do?levelId=sy_003r_0010_0020_0010,National Institute of Korean History DB,2026-08-16,AUTHORITATIVE,
S-0155,tezpur_mohan,Tezpur University CMDR research seminar paper by Pankaj Mohan (India-Korea relations),SECONDARY,https://www.tezu.ernet.in/cmdr/documents/rs/MDP24102.pdf,Tezpur University,2026-08-16,ACADEMIC,
S-0156,thefederal_sangwol2023,"The Federal: South Korean Buddhists walking in India for 1,167 km on 43-day pilgrimage",NEWS,https://thefederal.com/news/south-korean-buddhists-walking-in-india-for-1167-km-on-43-day-pilgrimage,The Federal,2026-08-16,POPULAR,
S-0157,toi_kimwoochoong,"Times of India photo archive (7 Jun 1994) - Kim Woo Choong & S.G. Awasthi at DCM-Daewoo Racer launch, New Delhi",NEWS,https://timescontent.timesofindia.com/photo/business/Kim-Woo-Choong/486450,Times of India Archive,2026-08-16,POPULAR,
S-0158,tongbulgyo_gbs2026,"Tongbulgyo News (2026-02-01, 박정원): '국제불교정상회의 뉴델리서 개최…진우 스님 선명상으로 인류 상생 실천' - 2nd GBS 24-25 Jan 2026 Bharat Mandapam; 30+ countries, 800+ attendees; Jogye 국제교류위원/제전법단장 문종 스님 attended as representative of 총무원장 진우; Jinwoo's message read by Munjong; confirms 1st GBS Apr 2023 Ashok Hotel",NEWS,https://www.tongbulgyo.com/news/articleView.html?idxno=8047,Tongbulgyo News (통불교신문),2026-08-16,INSTITUTIONAL,
S-0159,totetu_lotus,"TOTETU paper (Sept 2016), Lotus Sutra exhibition Seoul - Lokesh Chandra participation",SECONDARY,https://www.totetu.org/assets/media/paper/j028_173.pdf,TOTETU (Institute of Oriental Philosophy),2026-08-16,INSTITUTIONAL,
S-0160,ucla_kyeongheung,"UCLA Buddhist studies, 'Kyŏnghŭng's Commentary on Three Maitreya Sutras'",SECONDARY,https://www.international.ucla.edu/buddhist/article/127560,UCLA International Institute,2026-08-16,ACADEMIC,
S-0161,ucla_taehyeon,UCLA dissertation on T'aehyŏn (eScholarship),SECONDARY,https://escholarship.org/content/qt74h5d0nv/qt74h5d0nv.pdf,eScholarship (UCLA),2026-08-16,ACADEMIC,
S-0162,un_kpsmenon,"UN Digital Library, statement of K.P.S. Menon, Chairman of UNTCOK (19 Feb 1948)",ARCHIVAL,https://digitallibrary.un.org/record/4076420,UN Digital Library,2026-08-16,AUTHORITATIVE,
S-0163,vyj_about,Vyjayanti Raghavan personal website - About page,WEBSITE,https://vyjayantiraghavan.in/about,vyjayantiraghavan.in,2026-08-16,INSTITUTIONAL,
S-0164,wiki_dhyana,"Wikipedia, 'Dhyānabhadra'",TERTIARY,https://en.wikipedia.org/wiki/Dhy%C4%81nabhadra,Wikipedia,2026-08-16,INSTITUTIONAL,
S-0165,wiki_hwang,"Korean Wikipedia, '황동규'",TERTIARY,https://ko.wikipedia.org/wiki/황동규,Wikipedia (ko),2026-08-16,INSTITUTIONAL,
S-0166,wiki_ilyeon,"Wikipedia, 'Il-yeon'",TERTIARY,https://en.wikipedia.org/wiki/Il-yeon,Wikipedia,2026-08-16,INSTITUTIONAL,
S-0167,wiki_india_ambassadors,"Wikipedia, 'List of ambassadors of India to South Korea'",TERTIARY,https://en.wikipedia.org/wiki/List_of_ambassadors_of_India_to_South_Korea,Wikipedia,2026-08-16,INSTITUTIONAL,
S-0168,wiki_kimchiha,"Korean Wikipedia, '김지하'",TERTIARY,https://ko.wikipedia.org/wiki/김지하,Wikipedia (ko),2026-08-16,INSTITUTIONAL,
S-0169,wiki_kimok,"English Wikipedia, 'Kim Ok' (1896-unknown; abducted to North Korea)",TERTIARY,https://en.wikipedia.org/wiki/Kim_Ok,Wikipedia,2026-08-16,INSTITUTIONAL,
S-0170,wiki_kwc,"Wikipedia, 'Kim Woo-choong'",TERTIARY,https://en.wikipedia.org/wiki/Kim_Woo-choong,Wikipedia,2026-08-16,INSTITUTIONAL,
S-0171,wiki_kyeomik,"Korean Wikipedia, '겸익'",TERTIARY,https://ko.wikipedia.org/wiki/겸익,Wikipedia (ko),2026-08-16,INSTITUTIONAL,
S-0172,wiki_lee,"Wikipedia, 'Lee Kun-hee'",TERTIARY,https://en.wikipedia.org/wiki/Lee_Kun-hee,Wikipedia,2026-08-16,INSTITUTIONAL,
S-0173,wiki_nehru_trips,"Wikipedia, 'List of international prime ministerial trips made by Jawaharlal Nehru'",TERTIARY,https://en.wikipedia.org/wiki/List_of_international_prime_ministerial_trips_made_by_Jawaharlal_Nehru,Wikipedia,2026-08-16,INSTITUTIONAL,
S-0174,wiki_oju,"Wikipedia, 'Oju Yŏnmun Changjŏn San'go'",TERTIARY,https://en.wikipedia.org/wiki/Oju_y%C5%8Fnmun_changj%C5%8Fn_san%27go,Wikipedia,2026-08-16,INSTITUTIONAL,
S-0175,wiki_paek_yongsong,"Korean Wikipedia, '백용성' (1864-1940): 33 national representatives, Daegaksa founder, anti-Japanese color movement - verification aid only",TERTIARY,https://ko.wikipedia.org/wiki/백용성,Wikipedia (ko),2026-08-16,POPULAR,
S-0176,wiki_panikkar,"Wikipedia, 'K. M. Panikkar'",TERTIARY,https://en.wikipedia.org/wiki/K._M._Panikkar,Wikipedia,2026-08-16,INSTITUTIONAL,
S-0177,wiki_seo,"Korean Wikipedia, '서정주'",TERTIARY,https://ko.wikipedia.org/wiki/서정주,Wikipedia (ko),2026-08-16,INSTITUTIONAL,
S-0178,wiki_spp_thorat,"English Wikipedia, 'S. P. P. Thorat' (12 Aug 1906 - 10 Aug 1992)",TERTIARY,https://en.wikipedia.org/wiki/S._P._P._Thorat,Wikipedia,2026-08-16,INSTITUTIONAL,
S-0179,wiki_suro,"Wikipedia, 'Suro of Geumgwan Gaya'",TERTIARY,https://en.wikipedia.org/wiki/Suro_of_Geumgwan_Gaya,Wikipedia,2026-08-16,INSTITUTIONAL,
S-0180,wiki_thimayya,"Wikipedia, 'K. S. Thimayya'",TERTIARY,https://en.wikipedia.org/wiki/K._S._Thimayya,Wikipedia,2026-08-16,INSTITUTIONAL,
S-0181,wiki_yikyugyong,"Wikipedia, 'Yi Kyugyŏng'",TERTIARY,https://en.wikipedia.org/wiki/Yi_Kyugy%C5%8Fng,Wikipedia,2026-08-16,INSTITUTIONAL,
S-0182,wiki_yisugwang,"Wikipedia, 'Yi Su-gwang'",TERTIARY,https://en.wikipedia.org/wiki/Yi_Su-gwang,Wikipedia,2026-08-16,INSTITUTIONAL,
S-0183,wisdomlib_choi,"Wisdomlib, 'Cultural Horizons of India Vol. 2' (Lokesh Chandra chapter on Korea)",SECONDARY,https://www.wisdomlib.org/shop/books/india-history/cultural-horizons-of-india/doc422708.html,Wisdomlib,2026-08-16,INSTITUTIONAL,
S-0184,worldlii_unga,"WorldLII, UNGA 1953 debate on Korea (India's Resolution rejected)",ARCHIVAL,https://www.worldlii.org/int/other/UNGA/1953/,WorldLII (UN docs),2026-08-16,AUTHORITATIVE,
S-0185,yangju_museum_jigong,"Yangju Hoeamsa Museum (Yangju City), '지공선사' exhibit page",WEBSITE,http://www.yangju.go.kr/museum/contents.do?key=1652,Yangju City,2026-08-16,INSTITUTIONAL,
S-0186,yijing_wikisource,"Yijing, 大唐西域求法高僧傳 (Da Tang Xiyu qiufa gaoseng zhuan), Wikisource",PRIMARY,https://zh.wikisource.org/zh-hans/大唐西域求法高僧傳/卷上,Wikisource (Chinese),2026-08-16,AUTHORITATIVE,
S-0187,yu_press,"Yeungnam University Press, scholarly edition of Jibong yuseol (외국 section)",SECONDARY,https://book.yu.ac.kr/book/book_detail.html?no=670,Yeungnam University Press,2026-08-16,ACADEMIC,
